2025-08-20T16:02:44.308+09:00  INFO 19180 --- [MySpringBoot3Project] [restartedMain] c.r.m.MySpringBoot3ProjectApplication    : Starting MySpringBoot3ProjectApplication using Java 22.0.1 with PID 19180 (C:\shieldus\back_java\SpringBoot\MyspringBoot3Project\target\classes started by hia in C:\shieldus\back_java\SpringBoot\MyspringBoot3Project)
2025-08-20T16:02:44.393+09:00  INFO 19180 --- [MySpringBoot3Project] [restartedMain] c.r.m.MySpringBoot3ProjectApplication    : The following 1 profile is active: "prod"
2025-08-20T16:02:44.465+09:00  INFO 19180 --- [MySpringBoot3Project] [restartedMain] .e.DevToolsPropertyDefaultsPostProcessor : Devtools property defaults active! Set 'spring.devtools.add-properties' to 'false' to disable
2025-08-20T16:02:44.476+09:00  INFO 19180 --- [MySpringBoot3Project] [restartedMain] .e.DevToolsPropertyDefaultsPostProcessor : For additional web related logging consider setting the 'logging.level.web' property to 'DEBUG'
2025-08-20T16:02:45.945+09:00  INFO 19180 --- [MySpringBoot3Project] [restartedMain] .s.d.r.c.RepositoryConfigurationDelegate : Bootstrapping Spring Data JPA repositories in DEFAULT mode.
2025-08-20T16:02:46.002+09:00  INFO 19180 --- [MySpringBoot3Project] [restartedMain] .s.d.r.c.RepositoryConfigurationDelegate : Finished Spring Data repository scanning in 47 ms. Found 3 JPA repository interfaces.
2025-08-20T16:02:47.215+09:00  INFO 19180 --- [MySpringBoot3Project] [restartedMain] o.s.b.w.e.t.TomcatWebServer              : Tomcat initialized with port 8080 (http)
2025-08-20T16:02:47.247+09:00  INFO 19180 --- [MySpringBoot3Project] [restartedMain] o.a.c.c.StandardService                  : Starting service [Tomcat]
2025-08-20T16:02:47.249+09:00  INFO 19180 --- [MySpringBoot3Project] [restartedMain] o.a.c.c.StandardEngine                   : Starting Servlet engine: [Apache Tomcat/10.1.43]
2025-08-20T16:02:47.325+09:00  INFO 19180 --- [MySpringBoot3Project] [restartedMain] o.a.c.c.C.[.[.[/]                        : Initializing Spring embedded WebApplicationContext
2025-08-20T16:02:47.326+09:00  INFO 19180 --- [MySpringBoot3Project] [restartedMain] w.s.c.ServletWebServerApplicationContext : Root WebApplicationContext: initialization completed in 2849 ms
2025-08-20T16:02:48.061+09:00  INFO 19180 --- [MySpringBoot3Project] [restartedMain] o.h.j.i.u.LogHelper                      : HHH000204: Processing PersistenceUnitInfo [name: default]
2025-08-20T16:02:48.164+09:00  INFO 19180 --- [MySpringBoot3Project] [restartedMain] o.h.Version                              : HHH000412: Hibernate ORM core version 6.6.22.Final
2025-08-20T16:02:48.207+09:00  INFO 19180 --- [MySpringBoot3Project] [restartedMain] o.h.c.i.RegionFactoryInitiator           : HHH000026: Second-level cache disabled
2025-08-20T16:02:48.486+09:00  INFO 19180 --- [MySpringBoot3Project] [restartedMain] o.s.o.j.p.SpringPersistenceUnitInfo      : No LoadTimeWeaver setup: ignoring JPA class transformer
2025-08-20T16:02:48.517+09:00  INFO 19180 --- [MySpringBoot3Project] [restartedMain] c.z.h.HikariDataSource                   : HikariPool-1 - Starting...
2025-08-20T16:02:49.615+09:00  WARN 19180 --- [MySpringBoot3Project] [restartedMain] o.h.e.j.s.SqlExceptionHelper             : SQL Error: 1251, SQLState: 08004
2025-08-20T16:02:49.615+09:00 ERROR 19180 --- [MySpringBoot3Project] [restartedMain] o.h.e.j.s.SqlExceptionHelper             : Client does not support authentication protocol requested by server. plugin type was = 'sha256_password'
2025-08-20T16:02:49.618+09:00  WARN 19180 --- [MySpringBoot3Project] [restartedMain] o.h.e.j.e.i.JdbcEnvironmentInitiator     : HHH000342: Could not obtain connection to query metadata

org.hibernate.exception.JDBCConnectionException: unable to obtain isolated JDBC connection [Client does not support authentication protocol requested by server. plugin type was = 'sha256_password'] [n/a]
	at org.hibernate.exception.internal.SQLStateConversionDelegate.convert(SQLStateConversionDelegate.java:100) ~[hibernate-core-6.6.22.Final.jar:6.6.22.Final]
	at org.hibernate.exception.internal.StandardSQLExceptionConverter.convert(StandardSQLExceptionConverter.java:58) ~[hibernate-core-6.6.22.Final.jar:6.6.22.Final]
	at org.hibernate.engine.jdbc.spi.SqlExceptionHelper.convert(SqlExceptionHelper.java:108) ~[hibernate-core-6.6.22.Final.jar:6.6.22.Final]
	at org.hibernate.engine.jdbc.spi.SqlExceptionHelper.convert(SqlExceptionHelper.java:94) ~[hibernate-core-6.6.22.Final.jar:6.6.22.Final]
	at org.hibernate.resource.transaction.backend.jdbc.internal.JdbcIsolationDelegate.delegateWork(JdbcIsolationDelegate.java:116) ~[hibernate-core-6.6.22.Final.jar:6.6.22.Final]
	at org.hibernate.engine.jdbc.env.internal.JdbcEnvironmentInitiator.getJdbcEnvironmentUsingJdbcMetadata(JdbcEnvironmentInitiator.java:336) ~[hibernate-core-6.6.22.Final.jar:6.6.22.Final]
	at org.hibernate.engine.jdbc.env.internal.JdbcEnvironmentInitiator.initiateService(JdbcEnvironmentInitiator.java:129) ~[hibernate-core-6.6.22.Final.jar:6.6.22.Final]
	at org.hibernate.engine.jdbc.env.internal.JdbcEnvironmentInitiator.initiateService(JdbcEnvironmentInitiator.java:81) ~[hibernate-core-6.6.22.Final.jar:6.6.22.Final]
	at org.hibernate.boot.registry.internal.StandardServiceRegistryImpl.initiateService(StandardServiceRegistryImpl.java:130) ~[hibernate-core-6.6.22.Final.jar:6.6.22.Final]
	at org.hibernate.service.internal.AbstractServiceRegistryImpl.createService(AbstractServiceRegistryImpl.java:263) ~[hibernate-core-6.6.22.Final.jar:6.6.22.Final]
	at org.hibernate.service.internal.AbstractServiceRegistryImpl.initializeService(AbstractServiceRegistryImpl.java:238) ~[hibernate-core-6.6.22.Final.jar:6.6.22.Final]
	at org.hibernate.service.internal.AbstractServiceRegistryImpl.getService(AbstractServiceRegistryImpl.java:215) ~[hibernate-core-6.6.22.Final.jar:6.6.22.Final]
	at org.hibernate.boot.model.relational.Database.<init>(Database.java:45) ~[hibernate-core-6.6.22.Final.jar:6.6.22.Final]
	at org.hibernate.boot.internal.InFlightMetadataCollectorImpl.getDatabase(InFlightMetadataCollectorImpl.java:226) ~[hibernate-core-6.6.22.Final.jar:6.6.22.Final]
	at org.hibernate.boot.internal.InFlightMetadataCollectorImpl.<init>(InFlightMetadataCollectorImpl.java:194) ~[hibernate-core-6.6.22.Final.jar:6.6.22.Final]
	at org.hibernate.boot.model.process.spi.MetadataBuildingProcess.complete(MetadataBuildingProcess.java:171) ~[hibernate-core-6.6.22.Final.jar:6.6.22.Final]
	at org.hibernate.jpa.boot.internal.EntityManagerFactoryBuilderImpl.metadata(EntityManagerFactoryBuilderImpl.java:1442) ~[hibernate-core-6.6.22.Final.jar:6.6.22.Final]
	at org.hibernate.jpa.boot.internal.EntityManagerFactoryBuilderImpl.build(EntityManagerFactoryBuilderImpl.java:1513) ~[hibernate-core-6.6.22.Final.jar:6.6.22.Final]
	at org.springframework.orm.jpa.vendor.SpringHibernateJpaPersistenceProvider.createContainerEntityManagerFactory(SpringHibernateJpaPersistenceProvider.java:66) ~[spring-orm-6.2.8.jar:6.2.8]
	at org.springframework.orm.jpa.LocalContainerEntityManagerFactoryBean.createNativeEntityManagerFactory(LocalContainerEntityManagerFactoryBean.java:390) ~[spring-orm-6.2.8.jar:6.2.8]
	at org.springframework.orm.jpa.AbstractEntityManagerFactoryBean.buildNativeEntityManagerFactory(AbstractEntityManagerFactoryBean.java:419) ~[spring-orm-6.2.8.jar:6.2.8]
	at org.springframework.orm.jpa.AbstractEntityManagerFactoryBean.afterPropertiesSet(AbstractEntityManagerFactoryBean.java:400) ~[spring-orm-6.2.8.jar:6.2.8]
	at org.springframework.orm.jpa.LocalContainerEntityManagerFactoryBean.afterPropertiesSet(LocalContainerEntityManagerFactoryBean.java:366) ~[spring-orm-6.2.8.jar:6.2.8]
	at org.springframework.beans.factory.support.AbstractAutowireCapableBeanFactory.invokeInitMethods(AbstractAutowireCapableBeanFactory.java:1873) ~[spring-beans-6.2.8.jar:6.2.8]
	at org.springframework.beans.factory.support.AbstractAutowireCapableBeanFactory.initializeBean(AbstractAutowireCapableBeanFactory.java:1822) ~[spring-beans-6.2.8.jar:6.2.8]
	at org.springframework.beans.factory.support.AbstractAutowireCapableBeanFactory.doCreateBean(AbstractAutowireCapableBeanFactory.java:607) ~[spring-beans-6.2.8.jar:6.2.8]
	at org.springframework.beans.factory.support.AbstractAutowireCapableBeanFactory.createBean(AbstractAutowireCapableBeanFactory.java:529) ~[spring-beans-6.2.8.jar:6.2.8]
	at org.springframework.beans.factory.support.AbstractBeanFactory.lambda$doGetBean$0(AbstractBeanFactory.java:339) ~[spring-beans-6.2.8.jar:6.2.8]
	at org.springframework.beans.factory.support.DefaultSingletonBeanRegistry.getSingleton(DefaultSingletonBeanRegistry.java:373) [spring-beans-6.2.8.jar:6.2.8]
	at org.springframework.beans.factory.support.AbstractBeanFactory.doGetBean(AbstractBeanFactory.java:337) [spring-beans-6.2.8.jar:6.2.8]
	at org.springframework.beans.factory.support.AbstractBeanFactory.getBean(AbstractBeanFactory.java:207) [spring-beans-6.2.8.jar:6.2.8]
	at org.springframework.context.support.AbstractApplicationContext.finishBeanFactoryInitialization(AbstractApplicationContext.java:970) [spring-context-6.2.8.jar:6.2.8]
	at org.springframework.context.support.AbstractApplicationContext.refresh(AbstractApplicationContext.java:627) [spring-context-6.2.8.jar:6.2.8]
	at org.springframework.boot.web.servlet.context.ServletWebServerApplicationContext.refresh(ServletWebServerApplicationContext.java:146) [spring-boot-3.4.8.jar:3.4.8]
	at org.springframework.boot.SpringApplication.refresh(SpringApplication.java:752) [spring-boot-3.4.8.jar:3.4.8]
	at org.springframework.boot.SpringApplication.refreshContext(SpringApplication.java:439) [spring-boot-3.4.8.jar:3.4.8]
	at org.springframework.boot.SpringApplication.run(SpringApplication.java:318) [spring-boot-3.4.8.jar:3.4.8]
	at com.rookies4.myspringboot.MySpringBoot3ProjectApplication.main(MySpringBoot3ProjectApplication.java:20) [classes/:?]
	at java.base/jdk.internal.reflect.DirectMethodHandleAccessor.invoke(DirectMethodHandleAccessor.java:103) ~[?:?]
	at java.base/java.lang.reflect.Method.invoke(Method.java:580) ~[?:?]
	at org.springframework.boot.devtools.restart.RestartLauncher.run(RestartLauncher.java:50) [spring-boot-devtools-3.4.8.jar:3.4.8]
Caused by: java.sql.SQLException: Client does not support authentication protocol requested by server. plugin type was = 'sha256_password'
	at org.mariadb.jdbc.plugin.authentication.AuthenticationPluginLoader.get(AuthenticationPluginLoader.java:48) ~[mariadb-java-client-3.4.2.jar:?]
	at org.mariadb.jdbc.client.impl.StandardClient.authenticationHandler(StandardClient.java:282) ~[mariadb-java-client-3.4.2.jar:?]
	at org.mariadb.jdbc.client.impl.StandardClient.<init>(StandardClient.java:226) ~[mariadb-java-client-3.4.2.jar:?]
	at org.mariadb.jdbc.Driver.connect(Driver.java:68) ~[mariadb-java-client-3.4.2.jar:?]
	at org.mariadb.jdbc.Driver.connect(Driver.java:92) ~[mariadb-java-client-3.4.2.jar:?]
	at org.mariadb.jdbc.Driver.connect(Driver.java:26) ~[mariadb-java-client-3.4.2.jar:?]
	at com.zaxxer.hikari.util.DriverDataSource.getConnection(DriverDataSource.java:137) ~[HikariCP-5.1.0.jar:?]
	at com.zaxxer.hikari.pool.PoolBase.newConnection(PoolBase.java:360) ~[HikariCP-5.1.0.jar:?]
	at com.zaxxer.hikari.pool.PoolBase.newPoolEntry(PoolBase.java:202) ~[HikariCP-5.1.0.jar:?]
	at com.zaxxer.hikari.pool.HikariPool.createPoolEntry(HikariPool.java:461) ~[HikariCP-5.1.0.jar:?]
	at com.zaxxer.hikari.pool.HikariPool.checkFailFast(HikariPool.java:550) ~[HikariCP-5.1.0.jar:?]
	at com.zaxxer.hikari.pool.HikariPool.<init>(HikariPool.java:98) ~[HikariCP-5.1.0.jar:?]
	at com.zaxxer.hikari.HikariDataSource.getConnection(HikariDataSource.java:111) ~[HikariCP-5.1.0.jar:?]
	at org.hibernate.engine.jdbc.connections.internal.DatasourceConnectionProviderImpl.getConnection(DatasourceConnectionProviderImpl.java:126) ~[hibernate-core-6.6.22.Final.jar:6.6.22.Final]
	at org.hibernate.engine.jdbc.env.internal.JdbcEnvironmentInitiator$ConnectionProviderJdbcConnectionAccess.obtainConnection(JdbcEnvironmentInitiator.java:483) ~[hibernate-core-6.6.22.Final.jar:6.6.22.Final]
	at org.hibernate.resource.transaction.backend.jdbc.internal.JdbcIsolationDelegate.delegateWork(JdbcIsolationDelegate.java:61) ~[hibernate-core-6.6.22.Final.jar:6.6.22.Final]
	... 36 more

2025-08-20T16:02:49.681+09:00  WARN 19180 --- [MySpringBoot3Project] [restartedMain] o.h.o.deprecation                        : HHH90000025: MariaDBDialect does not need to be specified explicitly using 'hibernate.dialect' (remove the property setting and it will be selected by default)
2025-08-20T16:02:49.725+09:00  INFO 19180 --- [MySpringBoot3Project] [restartedMain] o.h.o.c.pooling                          : HHH10001005: Database info:
	Database JDBC URL [Connecting through datasource 'HikariDataSource (null)']
	Database driver: undefined/unknown
	Database version: 10.4
	Autocommit mode: undefined/unknown
	Isolation level: undefined/unknown
	Minimum pool size: undefined/unknown
	Maximum pool size: undefined/unknown
2025-08-20T16:02:50.785+09:00  INFO 19180 --- [MySpringBoot3Project] [restartedMain] o.h.e.t.j.p.i.JtaPlatformInitiator       : HHH000489: No JTA platform available (set 'hibernate.transaction.jta.platform' to enable JTA platform integration)
2025-08-20T16:02:50.802+09:00  INFO 19180 --- [MySpringBoot3Project] [restartedMain] c.z.h.HikariDataSource                   : HikariPool-1 - Starting...
2025-08-20T16:02:51.824+09:00  WARN 19180 --- [MySpringBoot3Project] [restartedMain] o.h.e.j.s.SqlExceptionHelper             : SQL Error: 1251, SQLState: 08004
2025-08-20T16:02:51.826+09:00 ERROR 19180 --- [MySpringBoot3Project] [restartedMain] o.h.e.j.s.SqlExceptionHelper             : Client does not support authentication protocol requested by server. plugin type was = 'sha256_password'
2025-08-20T16:02:51.837+09:00 ERROR 19180 --- [MySpringBoot3Project] [restartedMain] j.LocalContainerEntityManagerFactoryBean : Failed to initialize JPA EntityManagerFactory: [PersistenceUnit: default] Unable to build Hibernate SessionFactory; nested exception is org.hibernate.exception.JDBCConnectionException: Unable to open JDBC Connection for DDL execution [Client does not support authentication protocol requested by server. plugin type was = 'sha256_password'] [n/a]
2025-08-20T16:02:51.839+09:00  WARN 19180 --- [MySpringBoot3Project] [restartedMain] ConfigServletWebServerApplicationContext : Exception encountered during context initialization - cancelling refresh attempt: org.springframework.beans.factory.BeanCreationException: Error creating bean with name 'entityManagerFactory' defined in class path resource [org/springframework/boot/autoconfigure/orm/jpa/HibernateJpaConfiguration.class]: [PersistenceUnit: default] Unable to build Hibernate SessionFactory; nested exception is org.hibernate.exception.JDBCConnectionException: Unable to open JDBC Connection for DDL execution [Client does not support authentication protocol requested by server. plugin type was = 'sha256_password'] [n/a]
2025-08-20T16:02:51.848+09:00  INFO 19180 --- [MySpringBoot3Project] [restartedMain] o.a.c.c.StandardService                  : Stopping service [Tomcat]
2025-08-20T16:02:51.880+09:00  INFO 19180 --- [MySpringBoot3Project] [restartedMain] .s.b.a.l.ConditionEvaluationReportLogger : 

Error starting ApplicationContext. To display the condition evaluation report re-run your application with 'debug' enabled.
2025-08-20T16:02:51.917+09:00 ERROR 19180 --- [MySpringBoot3Project] [restartedMain] o.s.b.SpringApplication                  : Application run failed

org.springframework.beans.factory.BeanCreationException: Error creating bean with name 'entityManagerFactory' defined in class path resource [org/springframework/boot/autoconfigure/orm/jpa/HibernateJpaConfiguration.class]: [PersistenceUnit: default] Unable to build Hibernate SessionFactory; nested exception is org.hibernate.exception.JDBCConnectionException: Unable to open JDBC Connection for DDL execution [Client does not support authentication protocol requested by server. plugin type was = 'sha256_password'] [n/a]
	at org.springframework.beans.factory.support.AbstractAutowireCapableBeanFactory.initializeBean(AbstractAutowireCapableBeanFactory.java:1826) ~[spring-beans-6.2.8.jar:6.2.8]
	at org.springframework.beans.factory.support.AbstractAutowireCapableBeanFactory.doCreateBean(AbstractAutowireCapableBeanFactory.java:607) ~[spring-beans-6.2.8.jar:6.2.8]
	at org.springframework.beans.factory.support.AbstractAutowireCapableBeanFactory.createBean(AbstractAutowireCapableBeanFactory.java:529) ~[spring-beans-6.2.8.jar:6.2.8]
	at org.springframework.beans.factory.support.AbstractBeanFactory.lambda$doGetBean$0(AbstractBeanFactory.java:339) ~[spring-beans-6.2.8.jar:6.2.8]
	at org.springframework.beans.factory.support.DefaultSingletonBeanRegistry.getSingleton(DefaultSingletonBeanRegistry.java:373) ~[spring-beans-6.2.8.jar:6.2.8]
	at org.springframework.beans.factory.support.AbstractBeanFactory.doGetBean(AbstractBeanFactory.java:337) ~[spring-beans-6.2.8.jar:6.2.8]
	at org.springframework.beans.factory.support.AbstractBeanFactory.getBean(AbstractBeanFactory.java:207) ~[spring-beans-6.2.8.jar:6.2.8]
	at org.springframework.context.support.AbstractApplicationContext.finishBeanFactoryInitialization(AbstractApplicationContext.java:970) ~[spring-context-6.2.8.jar:6.2.8]
	at org.springframework.context.support.AbstractApplicationContext.refresh(AbstractApplicationContext.java:627) ~[spring-context-6.2.8.jar:6.2.8]
	at org.springframework.boot.web.servlet.context.ServletWebServerApplicationContext.refresh(ServletWebServerApplicationContext.java:146) ~[spring-boot-3.4.8.jar:3.4.8]
	at org.springframework.boot.SpringApplication.refresh(SpringApplication.java:752) [spring-boot-3.4.8.jar:3.4.8]
	at org.springframework.boot.SpringApplication.refreshContext(SpringApplication.java:439) [spring-boot-3.4.8.jar:3.4.8]
	at org.springframework.boot.SpringApplication.run(SpringApplication.java:318) [spring-boot-3.4.8.jar:3.4.8]
	at com.rookies4.myspringboot.MySpringBoot3ProjectApplication.main(MySpringBoot3ProjectApplication.java:20) [classes/:?]
	at java.base/jdk.internal.reflect.DirectMethodHandleAccessor.invoke(DirectMethodHandleAccessor.java:103) ~[?:?]
	at java.base/java.lang.reflect.Method.invoke(Method.java:580) ~[?:?]
	at org.springframework.boot.devtools.restart.RestartLauncher.run(RestartLauncher.java:50) [spring-boot-devtools-3.4.8.jar:3.4.8]
Caused by: jakarta.persistence.PersistenceException: [PersistenceUnit: default] Unable to build Hibernate SessionFactory; nested exception is org.hibernate.exception.JDBCConnectionException: Unable to open JDBC Connection for DDL execution [Client does not support authentication protocol requested by server. plugin type was = 'sha256_password'] [n/a]
	at org.springframework.orm.jpa.AbstractEntityManagerFactoryBean.buildNativeEntityManagerFactory(AbstractEntityManagerFactoryBean.java:431) ~[spring-orm-6.2.8.jar:6.2.8]
	at org.springframework.orm.jpa.AbstractEntityManagerFactoryBean.afterPropertiesSet(AbstractEntityManagerFactoryBean.java:400) ~[spring-orm-6.2.8.jar:6.2.8]
	at org.springframework.orm.jpa.LocalContainerEntityManagerFactoryBean.afterPropertiesSet(LocalContainerEntityManagerFactoryBean.java:366) ~[spring-orm-6.2.8.jar:6.2.8]
	at org.springframework.beans.factory.support.AbstractAutowireCapableBeanFactory.invokeInitMethods(AbstractAutowireCapableBeanFactory.java:1873) ~[spring-beans-6.2.8.jar:6.2.8]
	at org.springframework.beans.factory.support.AbstractAutowireCapableBeanFactory.initializeBean(AbstractAutowireCapableBeanFactory.java:1822) ~[spring-beans-6.2.8.jar:6.2.8]
	... 16 more
Caused by: org.hibernate.exception.JDBCConnectionException: Unable to open JDBC Connection for DDL execution [Client does not support authentication protocol requested by server. plugin type was = 'sha256_password'] [n/a]
	at org.hibernate.exception.internal.SQLStateConversionDelegate.convert(SQLStateConversionDelegate.java:100) ~[hibernate-core-6.6.22.Final.jar:6.6.22.Final]
	at org.hibernate.exception.internal.StandardSQLExceptionConverter.convert(StandardSQLExceptionConverter.java:58) ~[hibernate-core-6.6.22.Final.jar:6.6.22.Final]
	at org.hibernate.engine.jdbc.spi.SqlExceptionHelper.convert(SqlExceptionHelper.java:108) ~[hibernate-core-6.6.22.Final.jar:6.6.22.Final]
	at org.hibernate.engine.jdbc.spi.SqlExceptionHelper.convert(SqlExceptionHelper.java:94) ~[hibernate-core-6.6.22.Final.jar:6.6.22.Final]
	at org.hibernate.resource.transaction.backend.jdbc.internal.DdlTransactionIsolatorNonJtaImpl.getIsolatedConnection(DdlTransactionIsolatorNonJtaImpl.java:74) ~[hibernate-core-6.6.22.Final.jar:6.6.22.Final]
	at org.hibernate.resource.transaction.backend.jdbc.internal.DdlTransactionIsolatorNonJtaImpl.getIsolatedConnection(DdlTransactionIsolatorNonJtaImpl.java:39) ~[hibernate-core-6.6.22.Final.jar:6.6.22.Final]
	at org.hibernate.tool.schema.internal.exec.ImprovedExtractionContextImpl.getJdbcConnection(ImprovedExtractionContextImpl.java:63) ~[hibernate-core-6.6.22.Final.jar:6.6.22.Final]
	at org.hibernate.tool.schema.extract.spi.ExtractionContext.getQueryResults(ExtractionContext.java:43) ~[hibernate-core-6.6.22.Final.jar:6.6.22.Final]
	at org.hibernate.tool.schema.extract.internal.SequenceInformationExtractorMariaDBDatabaseImpl.extractMetadata(SequenceInformationExtractorMariaDBDatabaseImpl.java:46) ~[hibernate-core-6.6.22.Final.jar:6.6.22.Final]
	at org.hibernate.tool.schema.extract.internal.DatabaseInformationImpl.initializeSequences(DatabaseInformationImpl.java:66) ~[hibernate-core-6.6.22.Final.jar:6.6.22.Final]
	at org.hibernate.tool.schema.extract.internal.DatabaseInformationImpl.<init>(DatabaseInformationImpl.java:60) ~[hibernate-core-6.6.22.Final.jar:6.6.22.Final]
	at org.hibernate.tool.schema.internal.Helper.buildDatabaseInformation(Helper.java:185) ~[hibernate-core-6.6.22.Final.jar:6.6.22.Final]
	at org.hibernate.tool.schema.internal.AbstractSchemaMigrator.doMigration(AbstractSchemaMigrator.java:93) ~[hibernate-core-6.6.22.Final.jar:6.6.22.Final]
	at org.hibernate.tool.schema.spi.SchemaManagementToolCoordinator.performDatabaseAction(SchemaManagementToolCoordinator.java:280) ~[hibernate-core-6.6.22.Final.jar:6.6.22.Final]
	at org.hibernate.tool.schema.spi.SchemaManagementToolCoordinator.lambda$process$5(SchemaManagementToolCoordinator.java:144) ~[hibernate-core-6.6.22.Final.jar:6.6.22.Final]
	at java.base/java.util.HashMap.forEach(HashMap.java:1429) ~[?:?]
	at org.hibernate.tool.schema.spi.SchemaManagementToolCoordinator.process(SchemaManagementToolCoordinator.java:141) ~[hibernate-core-6.6.22.Final.jar:6.6.22.Final]
	at org.hibernate.boot.internal.SessionFactoryObserverForSchemaExport.sessionFactoryCreated(SessionFactoryObserverForSchemaExport.java:37) ~[hibernate-core-6.6.22.Final.jar:6.6.22.Final]
	at org.hibernate.internal.SessionFactoryObserverChain.sessionFactoryCreated(SessionFactoryObserverChain.java:35) ~[hibernate-core-6.6.22.Final.jar:6.6.22.Final]
	at org.hibernate.internal.SessionFactoryImpl.<init>(SessionFactoryImpl.java:324) ~[hibernate-core-6.6.22.Final.jar:6.6.22.Final]
	at org.hibernate.boot.internal.SessionFactoryBuilderImpl.build(SessionFactoryBuilderImpl.java:463) ~[hibernate-core-6.6.22.Final.jar:6.6.22.Final]
	at org.hibernate.jpa.boot.internal.EntityManagerFactoryBuilderImpl.build(EntityManagerFactoryBuilderImpl.java:1517) ~[hibernate-core-6.6.22.Final.jar:6.6.22.Final]
	at org.springframework.orm.jpa.vendor.SpringHibernateJpaPersistenceProvider.createContainerEntityManagerFactory(SpringHibernateJpaPersistenceProvider.java:66) ~[spring-orm-6.2.8.jar:6.2.8]
	at org.springframework.orm.jpa.LocalContainerEntityManagerFactoryBean.createNativeEntityManagerFactory(LocalContainerEntityManagerFactoryBean.java:390) ~[spring-orm-6.2.8.jar:6.2.8]
	at org.springframework.orm.jpa.AbstractEntityManagerFactoryBean.buildNativeEntityManagerFactory(AbstractEntityManagerFactoryBean.java:419) ~[spring-orm-6.2.8.jar:6.2.8]
	at org.springframework.orm.jpa.AbstractEntityManagerFactoryBean.afterPropertiesSet(AbstractEntityManagerFactoryBean.java:400) ~[spring-orm-6.2.8.jar:6.2.8]
	at org.springframework.orm.jpa.LocalContainerEntityManagerFactoryBean.afterPropertiesSet(LocalContainerEntityManagerFactoryBean.java:366) ~[spring-orm-6.2.8.jar:6.2.8]
	at org.springframework.beans.factory.support.AbstractAutowireCapableBeanFactory.invokeInitMethods(AbstractAutowireCapableBeanFactory.java:1873) ~[spring-beans-6.2.8.jar:6.2.8]
	at org.springframework.beans.factory.support.AbstractAutowireCapableBeanFactory.initializeBean(AbstractAutowireCapableBeanFactory.java:1822) ~[spring-beans-6.2.8.jar:6.2.8]
	... 16 more
Caused by: java.sql.SQLException: Client does not support authentication protocol requested by server. plugin type was = 'sha256_password'
	at org.mariadb.jdbc.plugin.authentication.AuthenticationPluginLoader.get(AuthenticationPluginLoader.java:48) ~[mariadb-java-client-3.4.2.jar:?]
	at org.mariadb.jdbc.client.impl.StandardClient.authenticationHandler(StandardClient.java:282) ~[mariadb-java-client-3.4.2.jar:?]
	at org.mariadb.jdbc.client.impl.StandardClient.<init>(StandardClient.java:226) ~[mariadb-java-client-3.4.2.jar:?]
	at org.mariadb.jdbc.Driver.connect(Driver.java:68) ~[mariadb-java-client-3.4.2.jar:?]
	at org.mariadb.jdbc.Driver.connect(Driver.java:92) ~[mariadb-java-client-3.4.2.jar:?]
	at org.mariadb.jdbc.Driver.connect(Driver.java:26) ~[mariadb-java-client-3.4.2.jar:?]
	at com.zaxxer.hikari.util.DriverDataSource.getConnection(DriverDataSource.java:137) ~[HikariCP-5.1.0.jar:?]
	at com.zaxxer.hikari.pool.PoolBase.newConnection(PoolBase.java:360) ~[HikariCP-5.1.0.jar:?]
	at com.zaxxer.hikari.pool.PoolBase.newPoolEntry(PoolBase.java:202) ~[HikariCP-5.1.0.jar:?]
	at com.zaxxer.hikari.pool.HikariPool.createPoolEntry(HikariPool.java:461) ~[HikariCP-5.1.0.jar:?]
	at com.zaxxer.hikari.pool.HikariPool.checkFailFast(HikariPool.java:550) ~[HikariCP-5.1.0.jar:?]
	at com.zaxxer.hikari.pool.HikariPool.<init>(HikariPool.java:98) ~[HikariCP-5.1.0.jar:?]
	at com.zaxxer.hikari.HikariDataSource.getConnection(HikariDataSource.java:111) ~[HikariCP-5.1.0.jar:?]
	at org.hibernate.engine.jdbc.connections.internal.DatasourceConnectionProviderImpl.getConnection(DatasourceConnectionProviderImpl.java:126) ~[hibernate-core-6.6.22.Final.jar:6.6.22.Final]
	at org.hibernate.engine.jdbc.env.internal.JdbcEnvironmentInitiator$ConnectionProviderJdbcConnectionAccess.obtainConnection(JdbcEnvironmentInitiator.java:483) ~[hibernate-core-6.6.22.Final.jar:6.6.22.Final]
	at org.hibernate.resource.transaction.backend.jdbc.internal.DdlTransactionIsolatorNonJtaImpl.getIsolatedConnection(DdlTransactionIsolatorNonJtaImpl.java:46) ~[hibernate-core-6.6.22.Final.jar:6.6.22.Final]
	at org.hibernate.resource.transaction.backend.jdbc.internal.DdlTransactionIsolatorNonJtaImpl.getIsolatedConnection(DdlTransactionIsolatorNonJtaImpl.java:39) ~[hibernate-core-6.6.22.Final.jar:6.6.22.Final]
	at org.hibernate.tool.schema.internal.exec.ImprovedExtractionContextImpl.getJdbcConnection(ImprovedExtractionContextImpl.java:63) ~[hibernate-core-6.6.22.Final.jar:6.6.22.Final]
	at org.hibernate.tool.schema.extract.spi.ExtractionContext.getQueryResults(ExtractionContext.java:43) ~[hibernate-core-6.6.22.Final.jar:6.6.22.Final]
	at org.hibernate.tool.schema.extract.internal.SequenceInformationExtractorMariaDBDatabaseImpl.extractMetadata(SequenceInformationExtractorMariaDBDatabaseImpl.java:46) ~[hibernate-core-6.6.22.Final.jar:6.6.22.Final]
	at org.hibernate.tool.schema.extract.internal.DatabaseInformationImpl.initializeSequences(DatabaseInformationImpl.java:66) ~[hibernate-core-6.6.22.Final.jar:6.6.22.Final]
	at org.hibernate.tool.schema.extract.internal.DatabaseInformationImpl.<init>(DatabaseInformationImpl.java:60) ~[hibernate-core-6.6.22.Final.jar:6.6.22.Final]
	at org.hibernate.tool.schema.internal.Helper.buildDatabaseInformation(Helper.java:185) ~[hibernate-core-6.6.22.Final.jar:6.6.22.Final]
	at org.hibernate.tool.schema.internal.AbstractSchemaMigrator.doMigration(AbstractSchemaMigrator.java:93) ~[hibernate-core-6.6.22.Final.jar:6.6.22.Final]
	at org.hibernate.tool.schema.spi.SchemaManagementToolCoordinator.performDatabaseAction(SchemaManagementToolCoordinator.java:280) ~[hibernate-core-6.6.22.Final.jar:6.6.22.Final]
	at org.hibernate.tool.schema.spi.SchemaManagementToolCoordinator.lambda$process$5(SchemaManagementToolCoordinator.java:144) ~[hibernate-core-6.6.22.Final.jar:6.6.22.Final]
	at java.base/java.util.HashMap.forEach(HashMap.java:1429) ~[?:?]
	at org.hibernate.tool.schema.spi.SchemaManagementToolCoordinator.process(SchemaManagementToolCoordinator.java:141) ~[hibernate-core-6.6.22.Final.jar:6.6.22.Final]
	at org.hibernate.boot.internal.SessionFactoryObserverForSchemaExport.sessionFactoryCreated(SessionFactoryObserverForSchemaExport.java:37) ~[hibernate-core-6.6.22.Final.jar:6.6.22.Final]
	at org.hibernate.internal.SessionFactoryObserverChain.sessionFactoryCreated(SessionFactoryObserverChain.java:35) ~[hibernate-core-6.6.22.Final.jar:6.6.22.Final]
	at org.hibernate.internal.SessionFactoryImpl.<init>(SessionFactoryImpl.java:324) ~[hibernate-core-6.6.22.Final.jar:6.6.22.Final]
	at org.hibernate.boot.internal.SessionFactoryBuilderImpl.build(SessionFactoryBuilderImpl.java:463) ~[hibernate-core-6.6.22.Final.jar:6.6.22.Final]
	at org.hibernate.jpa.boot.internal.EntityManagerFactoryBuilderImpl.build(EntityManagerFactoryBuilderImpl.java:1517) ~[hibernate-core-6.6.22.Final.jar:6.6.22.Final]
	at org.springframework.orm.jpa.vendor.SpringHibernateJpaPersistenceProvider.createContainerEntityManagerFactory(SpringHibernateJpaPersistenceProvider.java:66) ~[spring-orm-6.2.8.jar:6.2.8]
	at org.springframework.orm.jpa.LocalContainerEntityManagerFactoryBean.createNativeEntityManagerFactory(LocalContainerEntityManagerFactoryBean.java:390) ~[spring-orm-6.2.8.jar:6.2.8]
	at org.springframework.orm.jpa.AbstractEntityManagerFactoryBean.buildNativeEntityManagerFactory(AbstractEntityManagerFactoryBean.java:419) ~[spring-orm-6.2.8.jar:6.2.8]
	at org.springframework.orm.jpa.AbstractEntityManagerFactoryBean.afterPropertiesSet(AbstractEntityManagerFactoryBean.java:400) ~[spring-orm-6.2.8.jar:6.2.8]
	at org.springframework.orm.jpa.LocalContainerEntityManagerFactoryBean.afterPropertiesSet(LocalContainerEntityManagerFactoryBean.java:366) ~[spring-orm-6.2.8.jar:6.2.8]
	at org.springframework.beans.factory.support.AbstractAutowireCapableBeanFactory.invokeInitMethods(AbstractAutowireCapableBeanFactory.java:1873) ~[spring-beans-6.2.8.jar:6.2.8]
	at org.springframework.beans.factory.support.AbstractAutowireCapableBeanFactory.initializeBean(AbstractAutowireCapableBeanFactory.java:1822) ~[spring-beans-6.2.8.jar:6.2.8]
	... 16 more

2025-08-20T16:02:58.475+09:00  INFO 4768 --- [MySpringBoot3Project] [restartedMain] c.r.m.MySpringBoot3ProjectApplication    : Starting MySpringBoot3ProjectApplication using Java 22.0.1 with PID 4768 (C:\shieldus\back_java\SpringBoot\MyspringBoot3Project\target\classes started by hia in C:\shieldus\back_java\SpringBoot\MyspringBoot3Project)
2025-08-20T16:02:58.573+09:00  INFO 4768 --- [MySpringBoot3Project] [restartedMain] c.r.m.MySpringBoot3ProjectApplication    : The following 1 profile is active: "prod"
2025-08-20T16:02:58.647+09:00  INFO 4768 --- [MySpringBoot3Project] [restartedMain] .e.DevToolsPropertyDefaultsPostProcessor : Devtools property defaults active! Set 'spring.devtools.add-properties' to 'false' to disable
2025-08-20T16:02:58.647+09:00  INFO 4768 --- [MySpringBoot3Project] [restartedMain] .e.DevToolsPropertyDefaultsPostProcessor : For additional web related logging consider setting the 'logging.level.web' property to 'DEBUG'
2025-08-20T16:03:00.017+09:00  INFO 4768 --- [MySpringBoot3Project] [restartedMain] .s.d.r.c.RepositoryConfigurationDelegate : Bootstrapping Spring Data JPA repositories in DEFAULT mode.
2025-08-20T16:03:00.081+09:00  INFO 4768 --- [MySpringBoot3Project] [restartedMain] .s.d.r.c.RepositoryConfigurationDelegate : Finished Spring Data repository scanning in 53 ms. Found 3 JPA repository interfaces.
2025-08-20T16:03:01.464+09:00  INFO 4768 --- [MySpringBoot3Project] [restartedMain] o.s.b.w.e.t.TomcatWebServer              : Tomcat initialized with port 8080 (http)
2025-08-20T16:03:01.529+09:00  INFO 4768 --- [MySpringBoot3Project] [restartedMain] o.a.c.c.StandardService                  : Starting service [Tomcat]
2025-08-20T16:03:01.535+09:00  INFO 4768 --- [MySpringBoot3Project] [restartedMain] o.a.c.c.StandardEngine                   : Starting Servlet engine: [Apache Tomcat/10.1.43]
2025-08-20T16:03:01.621+09:00  INFO 4768 --- [MySpringBoot3Project] [restartedMain] o.a.c.c.C.[.[.[/]                        : Initializing Spring embedded WebApplicationContext
2025-08-20T16:03:01.621+09:00  INFO 4768 --- [MySpringBoot3Project] [restartedMain] w.s.c.ServletWebServerApplicationContext : Root WebApplicationContext: initialization completed in 2973 ms
2025-08-20T16:03:02.402+09:00  INFO 4768 --- [MySpringBoot3Project] [restartedMain] o.h.j.i.u.LogHelper                      : HHH000204: Processing PersistenceUnitInfo [name: default]
2025-08-20T16:03:02.533+09:00  INFO 4768 --- [MySpringBoot3Project] [restartedMain] o.h.Version                              : HHH000412: Hibernate ORM core version 6.6.22.Final
2025-08-20T16:03:02.576+09:00  INFO 4768 --- [MySpringBoot3Project] [restartedMain] o.h.c.i.RegionFactoryInitiator           : HHH000026: Second-level cache disabled
2025-08-20T16:03:02.855+09:00  INFO 4768 --- [MySpringBoot3Project] [restartedMain] o.s.o.j.p.SpringPersistenceUnitInfo      : No LoadTimeWeaver setup: ignoring JPA class transformer
2025-08-20T16:03:02.888+09:00  INFO 4768 --- [MySpringBoot3Project] [restartedMain] c.z.h.HikariDataSource                   : HikariPool-1 - Starting...
2025-08-20T16:03:02.979+09:00  INFO 4768 --- [MySpringBoot3Project] [restartedMain] c.z.h.p.HikariPool                       : HikariPool-1 - Added connection org.mariadb.jdbc.Connection@1e5af9d4
2025-08-20T16:03:02.982+09:00  INFO 4768 --- [MySpringBoot3Project] [restartedMain] c.z.h.HikariDataSource                   : HikariPool-1 - Start completed.
2025-08-20T16:03:03.007+09:00  WARN 4768 --- [MySpringBoot3Project] [restartedMain] o.h.o.deprecation                        : HHH90000025: MariaDBDialect does not need to be specified explicitly using 'hibernate.dialect' (remove the property setting and it will be selected by default)
2025-08-20T16:03:03.033+09:00  INFO 4768 --- [MySpringBoot3Project] [restartedMain] o.h.o.c.pooling                          : HHH10001005: Database info:
	Database JDBC URL [Connecting through datasource 'HikariDataSource (HikariPool-1)']
	Database driver: undefined/unknown
	Database version: 10.11.5
	Autocommit mode: undefined/unknown
	Isolation level: undefined/unknown
	Minimum pool size: undefined/unknown
	Maximum pool size: undefined/unknown
2025-08-20T16:03:03.892+09:00  INFO 4768 --- [MySpringBoot3Project] [restartedMain] o.h.e.t.j.p.i.JtaPlatformInitiator       : HHH000489: No JTA platform available (set 'hibernate.transaction.jta.platform' to enable JTA platform integration)
2025-08-20T16:03:03.970+09:00  INFO 4768 --- [MySpringBoot3Project] [restartedMain] j.LocalContainerEntityManagerFactoryBean : Initialized JPA EntityManagerFactory for persistence unit 'default'
2025-08-20T16:03:04.393+09:00  WARN 4768 --- [MySpringBoot3Project] [restartedMain] JpaBaseConfiguration$JpaWebConfiguration : spring.jpa.open-in-view is enabled by default. Therefore, database queries may be performed during view rendering. Explicitly configure spring.jpa.open-in-view to disable this warning
2025-08-20T16:03:04.450+09:00  INFO 4768 --- [MySpringBoot3Project] [restartedMain] eAuthenticationProviderManagerConfigurer : Global AuthenticationManager configured with AuthenticationProvider bean with name authenticationProvider
2025-08-20T16:03:04.451+09:00  WARN 4768 --- [MySpringBoot3Project] [restartedMain] r$InitializeUserDetailsManagerConfigurer : Global AuthenticationManager configured with an AuthenticationProvider bean. UserDetailsService beans will not be used by Spring Security for automatically configuring username/password login. Consider removing the AuthenticationProvider bean. Alternatively, consider using the UserDetailsService in a manually instantiated DaoAuthenticationProvider. If the current configuration is intentional, to turn off this warning, increase the logging level of 'org.springframework.security.config.annotation.authentication.configuration.InitializeUserDetailsBeanManagerConfigurer' to ERROR
2025-08-20T16:03:04.526+09:00  INFO 4768 --- [MySpringBoot3Project] [restartedMain] o.s.b.a.w.s.WelcomePageHandlerMapping    : Adding welcome page: class path resource [static/index.html]
2025-08-20T16:03:05.007+09:00  INFO 4768 --- [MySpringBoot3Project] [restartedMain] o.s.b.a.e.w.EndpointLinksResolver        : Exposing 15 endpoints beneath base path '/actuator'
2025-08-20T16:03:05.386+09:00  INFO 4768 --- [MySpringBoot3Project] [restartedMain] o.s.b.a.h.H2ConsoleAutoConfiguration     : H2 console available at '/h2-console'. Database available at 'jdbc:mariadb://127.0.0.1:3307/boot_db?user=boot&password=***'
2025-08-20T16:03:05.426+09:00  INFO 4768 --- [MySpringBoot3Project] [restartedMain] o.s.b.d.a.OptionalLiveReloadServer       : LiveReload server is running on port 35729
2025-08-20T16:03:05.494+09:00  INFO 4768 --- [MySpringBoot3Project] [restartedMain] o.s.b.w.e.t.TomcatWebServer              : Tomcat started on port 8080 (http) with context path '/'
2025-08-20T16:03:05.509+09:00  INFO 4768 --- [MySpringBoot3Project] [restartedMain] c.r.m.MySpringBoot3ProjectApplication    : Started MySpringBoot3ProjectApplication in 7.841 seconds (process running for 8.912)
2025-08-20T16:03:05.516+09:00  INFO 4768 --- [MySpringBoot3Project] [restartedMain] c.r.m.r.DatabaseRunner                   : DataSource 구현객체는 com.zaxxer.hikari.HikariDataSource 
2025-08-20T16:03:05.517+09:00  INFO 4768 --- [MySpringBoot3Project] [restartedMain] c.r.m.r.DatabaseRunner                   : DB Product Name = MariaDB
2025-08-20T16:03:05.518+09:00  INFO 4768 --- [MySpringBoot3Project] [restartedMain] c.r.m.r.DatabaseRunner                   : DB URL = jdbc:mariadb://127.0.0.1:3307/boot_db?user=boot&password=***
2025-08-20T16:03:05.518+09:00  INFO 4768 --- [MySpringBoot3Project] [restartedMain] c.r.m.r.DatabaseRunner                   : DB Username = boot
2025-08-20T16:03:05.518+09:00  INFO 4768 --- [MySpringBoot3Project] [restartedMain] c.r.m.r.MyPropsRunner                    : 현재 활성화된 CustomerVO Bean = CustomVO(mode=운영모드, rate=1.5)
2025-08-20T16:03:05.519+09:00  INFO 4768 --- [MySpringBoot3Project] [restartedMain] c.r.m.r.MyPropsRunner                    : MyBootProperties.getName() = Spring PROD
2025-08-20T16:03:05.519+09:00  INFO 4768 --- [MySpringBoot3Project] [restartedMain] c.r.m.r.MyPropsRunner                    : MyBootProperties.getAge() = 26
2025-08-20T16:03:05.521+09:00  INFO 4768 --- [MySpringBoot3Project] [restartedMain] c.r.m.r.MyPropsRunner                    : MyBootProperties.getFullName() = Spring PROD Boot
2025-08-20T16:03:05.521+09:00  INFO 4768 --- [MySpringBoot3Project] [restartedMain] c.r.m.r.MyPropsRunner                    : Properties myboot.name = Spring PROD
2025-08-20T16:03:05.521+09:00  INFO 4768 --- [MySpringBoot3Project] [restartedMain] c.r.m.r.MyPropsRunner                    : Properties myboot.age = 58
2025-08-20T16:03:05.521+09:00  INFO 4768 --- [MySpringBoot3Project] [restartedMain] c.r.m.r.MyPropsRunner                    : Properties myboot.fullName = Spring PROD Boot
2025-08-20T16:03:08.980+09:00  INFO 4768 --- [MySpringBoot3Project] [http-nio-8080-exec-2] o.a.c.c.C.[.[.[/]                        : Initializing Spring DispatcherServlet 'dispatcherServlet'
2025-08-20T16:03:08.981+09:00  INFO 4768 --- [MySpringBoot3Project] [http-nio-8080-exec-2] o.s.w.s.DispatcherServlet                : Initializing Servlet 'dispatcherServlet'
2025-08-20T16:03:08.985+09:00  INFO 4768 --- [MySpringBoot3Project] [http-nio-8080-exec-2] o.s.w.s.DispatcherServlet                : Completed initialization in 4 ms
2025-08-20T16:10:34.302+09:00  INFO 4768 --- [MySpringBoot3Project] [SpringApplicationShutdownHook] o.s.b.w.e.t.GracefulShutdown             : Commencing graceful shutdown. Waiting for active requests to complete
2025-08-20T16:10:34.316+09:00  INFO 4768 --- [MySpringBoot3Project] [tomcat-shutdown] o.s.b.w.e.t.GracefulShutdown             : Graceful shutdown complete
2025-08-20T16:10:34.323+09:00  INFO 4768 --- [MySpringBoot3Project] [SpringApplicationShutdownHook] j.LocalContainerEntityManagerFactoryBean : Closing JPA EntityManagerFactory for persistence unit 'default'
2025-08-20T16:10:34.326+09:00  INFO 4768 --- [MySpringBoot3Project] [SpringApplicationShutdownHook] c.z.h.HikariDataSource                   : HikariPool-1 - Shutdown initiated...
2025-08-20T16:10:34.329+09:00  INFO 4768 --- [MySpringBoot3Project] [SpringApplicationShutdownHook] c.z.h.HikariDataSource                   : HikariPool-1 - Shutdown completed.
2025-08-20T16:10:37.830+09:00  INFO 6680 --- [MySpringBoot3Project] [restartedMain] c.r.m.MySpringBoot3ProjectApplication    : Starting MySpringBoot3ProjectApplication using Java 22.0.1 with PID 6680 (C:\shieldus\back_java\SpringBoot\MyspringBoot3Project\target\classes started by hia in C:\shieldus\back_java\SpringBoot\MyspringBoot3Project)
2025-08-20T16:10:37.917+09:00  INFO 6680 --- [MySpringBoot3Project] [restartedMain] c.r.m.MySpringBoot3ProjectApplication    : The following 1 profile is active: "prod"
2025-08-20T16:10:37.972+09:00  INFO 6680 --- [MySpringBoot3Project] [restartedMain] .e.DevToolsPropertyDefaultsPostProcessor : Devtools property defaults active! Set 'spring.devtools.add-properties' to 'false' to disable
2025-08-20T16:10:37.972+09:00  INFO 6680 --- [MySpringBoot3Project] [restartedMain] .e.DevToolsPropertyDefaultsPostProcessor : For additional web related logging consider setting the 'logging.level.web' property to 'DEBUG'
2025-08-20T16:10:39.418+09:00  INFO 6680 --- [MySpringBoot3Project] [restartedMain] .s.d.r.c.RepositoryConfigurationDelegate : Bootstrapping Spring Data JPA repositories in DEFAULT mode.
2025-08-20T16:10:39.479+09:00  INFO 6680 --- [MySpringBoot3Project] [restartedMain] .s.d.r.c.RepositoryConfigurationDelegate : Finished Spring Data repository scanning in 50 ms. Found 3 JPA repository interfaces.
2025-08-20T16:10:40.697+09:00  INFO 6680 --- [MySpringBoot3Project] [restartedMain] o.s.b.w.e.t.TomcatWebServer              : Tomcat initialized with port 8080 (http)
2025-08-20T16:10:40.741+09:00  INFO 6680 --- [MySpringBoot3Project] [restartedMain] o.a.c.c.StandardService                  : Starting service [Tomcat]
2025-08-20T16:10:40.743+09:00  INFO 6680 --- [MySpringBoot3Project] [restartedMain] o.a.c.c.StandardEngine                   : Starting Servlet engine: [Apache Tomcat/10.1.43]
2025-08-20T16:10:40.808+09:00  INFO 6680 --- [MySpringBoot3Project] [restartedMain] o.a.c.c.C.[.[.[/]                        : Initializing Spring embedded WebApplicationContext
2025-08-20T16:10:40.809+09:00  INFO 6680 --- [MySpringBoot3Project] [restartedMain] w.s.c.ServletWebServerApplicationContext : Root WebApplicationContext: initialization completed in 2834 ms
2025-08-20T16:10:41.466+09:00  INFO 6680 --- [MySpringBoot3Project] [restartedMain] o.h.j.i.u.LogHelper                      : HHH000204: Processing PersistenceUnitInfo [name: default]
2025-08-20T16:10:41.506+09:00  INFO 6680 --- [MySpringBoot3Project] [restartedMain] o.h.Version                              : HHH000412: Hibernate ORM core version 6.6.22.Final
2025-08-20T16:10:41.531+09:00  INFO 6680 --- [MySpringBoot3Project] [restartedMain] o.h.c.i.RegionFactoryInitiator           : HHH000026: Second-level cache disabled
2025-08-20T16:10:41.836+09:00  INFO 6680 --- [MySpringBoot3Project] [restartedMain] o.s.o.j.p.SpringPersistenceUnitInfo      : No LoadTimeWeaver setup: ignoring JPA class transformer
2025-08-20T16:10:41.868+09:00  INFO 6680 --- [MySpringBoot3Project] [restartedMain] c.z.h.HikariDataSource                   : HikariPool-1 - Starting...
2025-08-20T16:10:41.944+09:00  INFO 6680 --- [MySpringBoot3Project] [restartedMain] c.z.h.p.HikariPool                       : HikariPool-1 - Added connection org.mariadb.jdbc.Connection@3805533b
2025-08-20T16:10:41.946+09:00  INFO 6680 --- [MySpringBoot3Project] [restartedMain] c.z.h.HikariDataSource                   : HikariPool-1 - Start completed.
2025-08-20T16:10:41.974+09:00  WARN 6680 --- [MySpringBoot3Project] [restartedMain] o.h.o.deprecation                        : HHH90000025: MariaDBDialect does not need to be specified explicitly using 'hibernate.dialect' (remove the property setting and it will be selected by default)
2025-08-20T16:10:42.001+09:00  INFO 6680 --- [MySpringBoot3Project] [restartedMain] o.h.o.c.pooling                          : HHH10001005: Database info:
	Database JDBC URL [Connecting through datasource 'HikariDataSource (HikariPool-1)']
	Database driver: undefined/unknown
	Database version: 10.11.5
	Autocommit mode: undefined/unknown
	Isolation level: undefined/unknown
	Minimum pool size: undefined/unknown
	Maximum pool size: undefined/unknown
2025-08-20T16:10:42.845+09:00  INFO 6680 --- [MySpringBoot3Project] [restartedMain] o.h.e.t.j.p.i.JtaPlatformInitiator       : HHH000489: No JTA platform available (set 'hibernate.transaction.jta.platform' to enable JTA platform integration)
2025-08-20T16:10:42.922+09:00  INFO 6680 --- [MySpringBoot3Project] [restartedMain] j.LocalContainerEntityManagerFactoryBean : Initialized JPA EntityManagerFactory for persistence unit 'default'
2025-08-20T16:10:43.352+09:00  WARN 6680 --- [MySpringBoot3Project] [restartedMain] JpaBaseConfiguration$JpaWebConfiguration : spring.jpa.open-in-view is enabled by default. Therefore, database queries may be performed during view rendering. Explicitly configure spring.jpa.open-in-view to disable this warning
2025-08-20T16:10:43.421+09:00  INFO 6680 --- [MySpringBoot3Project] [restartedMain] eAuthenticationProviderManagerConfigurer : Global AuthenticationManager configured with AuthenticationProvider bean with name authenticationProvider
2025-08-20T16:10:43.422+09:00  WARN 6680 --- [MySpringBoot3Project] [restartedMain] r$InitializeUserDetailsManagerConfigurer : Global AuthenticationManager configured with an AuthenticationProvider bean. UserDetailsService beans will not be used by Spring Security for automatically configuring username/password login. Consider removing the AuthenticationProvider bean. Alternatively, consider using the UserDetailsService in a manually instantiated DaoAuthenticationProvider. If the current configuration is intentional, to turn off this warning, increase the logging level of 'org.springframework.security.config.annotation.authentication.configuration.InitializeUserDetailsBeanManagerConfigurer' to ERROR
2025-08-20T16:10:43.513+09:00  INFO 6680 --- [MySpringBoot3Project] [restartedMain] o.s.b.a.w.s.WelcomePageHandlerMapping    : Adding welcome page: class path resource [static/index.html]
2025-08-20T16:10:43.911+09:00  INFO 6680 --- [MySpringBoot3Project] [restartedMain] o.s.b.a.e.w.EndpointLinksResolver        : Exposing 15 endpoints beneath base path '/actuator'
2025-08-20T16:10:44.293+09:00  INFO 6680 --- [MySpringBoot3Project] [restartedMain] o.s.b.a.h.H2ConsoleAutoConfiguration     : H2 console available at '/h2-console'. Database available at 'jdbc:mariadb://127.0.0.1:3307/boot_db?user=boot&password=***'
2025-08-20T16:10:44.327+09:00  INFO 6680 --- [MySpringBoot3Project] [restartedMain] o.s.b.d.a.OptionalLiveReloadServer       : LiveReload server is running on port 35729
2025-08-20T16:10:44.396+09:00  INFO 6680 --- [MySpringBoot3Project] [restartedMain] o.s.b.w.e.t.TomcatWebServer              : Tomcat started on port 8080 (http) with context path '/'
2025-08-20T16:10:44.409+09:00  INFO 6680 --- [MySpringBoot3Project] [restartedMain] c.r.m.MySpringBoot3ProjectApplication    : Started MySpringBoot3ProjectApplication in 7.153 seconds (process running for 8.11)
2025-08-20T16:10:44.416+09:00  INFO 6680 --- [MySpringBoot3Project] [restartedMain] c.r.m.r.DatabaseRunner                   : DataSource 구현객체는 com.zaxxer.hikari.HikariDataSource 
2025-08-20T16:10:44.417+09:00  INFO 6680 --- [MySpringBoot3Project] [restartedMain] c.r.m.r.DatabaseRunner                   : DB Product Name = MariaDB
2025-08-20T16:10:44.417+09:00  INFO 6680 --- [MySpringBoot3Project] [restartedMain] c.r.m.r.DatabaseRunner                   : DB URL = jdbc:mariadb://127.0.0.1:3307/boot_db?user=boot&password=***
2025-08-20T16:10:44.417+09:00  INFO 6680 --- [MySpringBoot3Project] [restartedMain] c.r.m.r.DatabaseRunner                   : DB Username = boot
2025-08-20T16:10:44.418+09:00  INFO 6680 --- [MySpringBoot3Project] [restartedMain] c.r.m.r.MyPropsRunner                    : 현재 활성화된 CustomerVO Bean = CustomVO(mode=운영모드, rate=1.5)
2025-08-20T16:10:44.419+09:00  INFO 6680 --- [MySpringBoot3Project] [restartedMain] c.r.m.r.MyPropsRunner                    : MyBootProperties.getName() = Spring PROD
2025-08-20T16:10:44.419+09:00  INFO 6680 --- [MySpringBoot3Project] [restartedMain] c.r.m.r.MyPropsRunner                    : MyBootProperties.getAge() = 29
2025-08-20T16:10:44.420+09:00  INFO 6680 --- [MySpringBoot3Project] [restartedMain] c.r.m.r.MyPropsRunner                    : MyBootProperties.getFullName() = Spring PROD Boot
2025-08-20T16:10:44.420+09:00  INFO 6680 --- [MySpringBoot3Project] [restartedMain] c.r.m.r.MyPropsRunner                    : Properties myboot.name = Spring PROD
2025-08-20T16:10:44.420+09:00  INFO 6680 --- [MySpringBoot3Project] [restartedMain] c.r.m.r.MyPropsRunner                    : Properties myboot.age = 2
2025-08-20T16:10:44.420+09:00  INFO 6680 --- [MySpringBoot3Project] [restartedMain] c.r.m.r.MyPropsRunner                    : Properties myboot.fullName = Spring PROD Boot
2025-08-20T16:10:53.802+09:00  INFO 6680 --- [MySpringBoot3Project] [http-nio-8080-exec-1] o.a.c.c.C.[.[.[/]                        : Initializing Spring DispatcherServlet 'dispatcherServlet'
2025-08-20T16:10:53.803+09:00  INFO 6680 --- [MySpringBoot3Project] [http-nio-8080-exec-1] o.s.w.s.DispatcherServlet                : Initializing Servlet 'dispatcherServlet'
2025-08-20T16:10:53.806+09:00  INFO 6680 --- [MySpringBoot3Project] [http-nio-8080-exec-1] o.s.w.s.DispatcherServlet                : Completed initialization in 2 ms
2025-08-20T16:18:00.376+09:00  INFO 6680 --- [MySpringBoot3Project] [SpringApplicationShutdownHook] o.s.b.w.e.t.GracefulShutdown             : Commencing graceful shutdown. Waiting for active requests to complete
2025-08-20T16:18:00.389+09:00  INFO 6680 --- [MySpringBoot3Project] [tomcat-shutdown] o.s.b.w.e.t.GracefulShutdown             : Graceful shutdown complete
2025-08-20T16:18:00.396+09:00  INFO 6680 --- [MySpringBoot3Project] [SpringApplicationShutdownHook] j.LocalContainerEntityManagerFactoryBean : Closing JPA EntityManagerFactory for persistence unit 'default'
2025-08-20T16:18:00.401+09:00  INFO 6680 --- [MySpringBoot3Project] [SpringApplicationShutdownHook] c.z.h.HikariDataSource                   : HikariPool-1 - Shutdown initiated...
2025-08-20T16:18:00.405+09:00  INFO 6680 --- [MySpringBoot3Project] [SpringApplicationShutdownHook] c.z.h.HikariDataSource                   : HikariPool-1 - Shutdown completed.
2025-08-20T16:18:06.022+09:00  INFO 10196 --- [MySpringBoot3Project] [restartedMain] c.r.m.MySpringBoot3ProjectApplication    : Starting MySpringBoot3ProjectApplication using Java 22.0.1 with PID 10196 (C:\shieldus\back_java\SpringBoot\MyspringBoot3Project\target\classes started by hia in C:\shieldus\back_java\SpringBoot\MyspringBoot3Project)
2025-08-20T16:18:06.140+09:00  INFO 10196 --- [MySpringBoot3Project] [restartedMain] c.r.m.MySpringBoot3ProjectApplication    : The following 1 profile is active: "prod"
2025-08-20T16:18:06.231+09:00  INFO 10196 --- [MySpringBoot3Project] [restartedMain] .e.DevToolsPropertyDefaultsPostProcessor : Devtools property defaults active! Set 'spring.devtools.add-properties' to 'false' to disable
2025-08-20T16:18:06.231+09:00  INFO 10196 --- [MySpringBoot3Project] [restartedMain] .e.DevToolsPropertyDefaultsPostProcessor : For additional web related logging consider setting the 'logging.level.web' property to 'DEBUG'
2025-08-20T16:18:08.186+09:00  INFO 10196 --- [MySpringBoot3Project] [restartedMain] .s.d.r.c.RepositoryConfigurationDelegate : Bootstrapping Spring Data JPA repositories in DEFAULT mode.
2025-08-20T16:18:08.298+09:00  INFO 10196 --- [MySpringBoot3Project] [restartedMain] .s.d.r.c.RepositoryConfigurationDelegate : Finished Spring Data repository scanning in 98 ms. Found 3 JPA repository interfaces.
2025-08-20T16:18:09.638+09:00  INFO 10196 --- [MySpringBoot3Project] [restartedMain] o.s.b.w.e.t.TomcatWebServer              : Tomcat initialized with port 8080 (http)
2025-08-20T16:18:09.684+09:00  INFO 10196 --- [MySpringBoot3Project] [restartedMain] o.a.c.c.StandardService                  : Starting service [Tomcat]
2025-08-20T16:18:09.690+09:00  INFO 10196 --- [MySpringBoot3Project] [restartedMain] o.a.c.c.StandardEngine                   : Starting Servlet engine: [Apache Tomcat/10.1.43]
2025-08-20T16:18:09.851+09:00  INFO 10196 --- [MySpringBoot3Project] [restartedMain] o.a.c.c.C.[.[.[/]                        : Initializing Spring embedded WebApplicationContext
2025-08-20T16:18:09.852+09:00  INFO 10196 --- [MySpringBoot3Project] [restartedMain] w.s.c.ServletWebServerApplicationContext : Root WebApplicationContext: initialization completed in 3619 ms
2025-08-20T16:18:10.763+09:00  INFO 10196 --- [MySpringBoot3Project] [restartedMain] o.h.j.i.u.LogHelper                      : HHH000204: Processing PersistenceUnitInfo [name: default]
2025-08-20T16:18:10.932+09:00  INFO 10196 --- [MySpringBoot3Project] [restartedMain] o.h.Version                              : HHH000412: Hibernate ORM core version 6.6.22.Final
2025-08-20T16:18:11.006+09:00  INFO 10196 --- [MySpringBoot3Project] [restartedMain] o.h.c.i.RegionFactoryInitiator           : HHH000026: Second-level cache disabled
2025-08-20T16:18:11.411+09:00  INFO 10196 --- [MySpringBoot3Project] [restartedMain] o.s.o.j.p.SpringPersistenceUnitInfo      : No LoadTimeWeaver setup: ignoring JPA class transformer
2025-08-20T16:18:11.447+09:00  INFO 10196 --- [MySpringBoot3Project] [restartedMain] c.z.h.HikariDataSource                   : HikariPool-1 - Starting...
2025-08-20T16:18:11.585+09:00  INFO 10196 --- [MySpringBoot3Project] [restartedMain] c.z.h.p.HikariPool                       : HikariPool-1 - Added connection org.mariadb.jdbc.Connection@4560112e
2025-08-20T16:18:11.588+09:00  INFO 10196 --- [MySpringBoot3Project] [restartedMain] c.z.h.HikariDataSource                   : HikariPool-1 - Start completed.
2025-08-20T16:18:11.637+09:00  WARN 10196 --- [MySpringBoot3Project] [restartedMain] o.h.o.deprecation                        : HHH90000025: MariaDBDialect does not need to be specified explicitly using 'hibernate.dialect' (remove the property setting and it will be selected by default)
2025-08-20T16:18:11.676+09:00  INFO 10196 --- [MySpringBoot3Project] [restartedMain] o.h.o.c.pooling                          : HHH10001005: Database info:
	Database JDBC URL [Connecting through datasource 'HikariDataSource (HikariPool-1)']
	Database driver: undefined/unknown
	Database version: 10.11.5
	Autocommit mode: undefined/unknown
	Isolation level: undefined/unknown
	Minimum pool size: undefined/unknown
	Maximum pool size: undefined/unknown
2025-08-20T16:18:13.102+09:00  INFO 10196 --- [MySpringBoot3Project] [restartedMain] o.h.e.t.j.p.i.JtaPlatformInitiator       : HHH000489: No JTA platform available (set 'hibernate.transaction.jta.platform' to enable JTA platform integration)
2025-08-20T16:18:13.205+09:00  INFO 10196 --- [MySpringBoot3Project] [restartedMain] j.LocalContainerEntityManagerFactoryBean : Initialized JPA EntityManagerFactory for persistence unit 'default'
2025-08-20T16:18:13.851+09:00  WARN 10196 --- [MySpringBoot3Project] [restartedMain] JpaBaseConfiguration$JpaWebConfiguration : spring.jpa.open-in-view is enabled by default. Therefore, database queries may be performed during view rendering. Explicitly configure spring.jpa.open-in-view to disable this warning
2025-08-20T16:18:13.937+09:00  INFO 10196 --- [MySpringBoot3Project] [restartedMain] eAuthenticationProviderManagerConfigurer : Global AuthenticationManager configured with AuthenticationProvider bean with name authenticationProvider
2025-08-20T16:18:13.937+09:00  WARN 10196 --- [MySpringBoot3Project] [restartedMain] r$InitializeUserDetailsManagerConfigurer : Global AuthenticationManager configured with an AuthenticationProvider bean. UserDetailsService beans will not be used by Spring Security for automatically configuring username/password login. Consider removing the AuthenticationProvider bean. Alternatively, consider using the UserDetailsService in a manually instantiated DaoAuthenticationProvider. If the current configuration is intentional, to turn off this warning, increase the logging level of 'org.springframework.security.config.annotation.authentication.configuration.InitializeUserDetailsBeanManagerConfigurer' to ERROR
2025-08-20T16:18:14.066+09:00  INFO 10196 --- [MySpringBoot3Project] [restartedMain] o.s.b.a.w.s.WelcomePageHandlerMapping    : Adding welcome page: class path resource [static/index.html]
2025-08-20T16:18:14.626+09:00  INFO 10196 --- [MySpringBoot3Project] [restartedMain] o.s.b.a.e.w.EndpointLinksResolver        : Exposing 15 endpoints beneath base path '/actuator'
2025-08-20T16:18:15.333+09:00  INFO 10196 --- [MySpringBoot3Project] [restartedMain] o.s.b.a.h.H2ConsoleAutoConfiguration     : H2 console available at '/h2-console'. Database available at 'jdbc:mariadb://127.0.0.1:3307/boot_db?user=boot&password=***'
2025-08-20T16:18:15.386+09:00  INFO 10196 --- [MySpringBoot3Project] [restartedMain] o.s.b.d.a.OptionalLiveReloadServer       : LiveReload server is running on port 35729
2025-08-20T16:18:15.504+09:00  INFO 10196 --- [MySpringBoot3Project] [restartedMain] o.s.b.w.e.t.TomcatWebServer              : Tomcat started on port 8080 (http) with context path '/'
2025-08-20T16:18:15.529+09:00  INFO 10196 --- [MySpringBoot3Project] [restartedMain] c.r.m.MySpringBoot3ProjectApplication    : Started MySpringBoot3ProjectApplication in 10.236 seconds (process running for 11.501)
2025-08-20T16:18:15.566+09:00  INFO 10196 --- [MySpringBoot3Project] [restartedMain] c.r.m.r.DatabaseRunner                   : DataSource 구현객체는 com.zaxxer.hikari.HikariDataSource 
2025-08-20T16:18:15.566+09:00  INFO 10196 --- [MySpringBoot3Project] [restartedMain] c.r.m.r.DatabaseRunner                   : DB Product Name = MariaDB
2025-08-20T16:18:15.568+09:00  INFO 10196 --- [MySpringBoot3Project] [restartedMain] c.r.m.r.DatabaseRunner                   : DB URL = jdbc:mariadb://127.0.0.1:3307/boot_db?user=boot&password=***
2025-08-20T16:18:15.568+09:00  INFO 10196 --- [MySpringBoot3Project] [restartedMain] c.r.m.r.DatabaseRunner                   : DB Username = boot
2025-08-20T16:18:15.570+09:00  INFO 10196 --- [MySpringBoot3Project] [restartedMain] c.r.m.r.MyPropsRunner                    : 현재 활성화된 CustomerVO Bean = CustomVO(mode=운영모드, rate=1.5)
2025-08-20T16:18:15.572+09:00  INFO 10196 --- [MySpringBoot3Project] [restartedMain] c.r.m.r.MyPropsRunner                    : MyBootProperties.getName() = Spring PROD
2025-08-20T16:18:15.573+09:00  INFO 10196 --- [MySpringBoot3Project] [restartedMain] c.r.m.r.MyPropsRunner                    : MyBootProperties.getAge() = 19
2025-08-20T16:18:15.574+09:00  INFO 10196 --- [MySpringBoot3Project] [restartedMain] c.r.m.r.MyPropsRunner                    : MyBootProperties.getFullName() = Spring PROD Boot
2025-08-20T16:18:15.574+09:00  INFO 10196 --- [MySpringBoot3Project] [restartedMain] c.r.m.r.MyPropsRunner                    : Properties myboot.name = Spring PROD
2025-08-20T16:18:15.575+09:00  INFO 10196 --- [MySpringBoot3Project] [restartedMain] c.r.m.r.MyPropsRunner                    : Properties myboot.age = 17
2025-08-20T16:18:15.575+09:00  INFO 10196 --- [MySpringBoot3Project] [restartedMain] c.r.m.r.MyPropsRunner                    : Properties myboot.fullName = Spring PROD Boot
2025-08-20T16:18:17.777+09:00  INFO 10196 --- [MySpringBoot3Project] [http-nio-8080-exec-1] o.a.c.c.C.[.[.[/]                        : Initializing Spring DispatcherServlet 'dispatcherServlet'
2025-08-20T16:18:17.778+09:00  INFO 10196 --- [MySpringBoot3Project] [http-nio-8080-exec-1] o.s.w.s.DispatcherServlet                : Initializing Servlet 'dispatcherServlet'
2025-08-20T16:18:17.783+09:00  INFO 10196 --- [MySpringBoot3Project] [http-nio-8080-exec-1] o.s.w.s.DispatcherServlet                : Completed initialization in 4 ms
2025-08-20T16:20:46.523+09:00  INFO 10196 --- [MySpringBoot3Project] [SpringApplicationShutdownHook] o.s.b.w.e.t.GracefulShutdown             : Commencing graceful shutdown. Waiting for active requests to complete
2025-08-20T16:20:46.537+09:00  INFO 10196 --- [MySpringBoot3Project] [tomcat-shutdown] o.s.b.w.e.t.GracefulShutdown             : Graceful shutdown complete
2025-08-20T16:20:46.543+09:00  INFO 10196 --- [MySpringBoot3Project] [SpringApplicationShutdownHook] j.LocalContainerEntityManagerFactoryBean : Closing JPA EntityManagerFactory for persistence unit 'default'
2025-08-20T16:20:46.546+09:00  INFO 10196 --- [MySpringBoot3Project] [SpringApplicationShutdownHook] c.z.h.HikariDataSource                   : HikariPool-1 - Shutdown initiated...
2025-08-20T16:20:46.551+09:00  INFO 10196 --- [MySpringBoot3Project] [SpringApplicationShutdownHook] c.z.h.HikariDataSource                   : HikariPool-1 - Shutdown completed.
2025-08-20T16:20:49.394+09:00  INFO 11024 --- [MySpringBoot3Project] [restartedMain] c.r.m.MySpringBoot3ProjectApplication    : Starting MySpringBoot3ProjectApplication using Java 22.0.1 with PID 11024 (C:\shieldus\back_java\SpringBoot\MyspringBoot3Project\target\classes started by hia in C:\shieldus\back_java\SpringBoot\MyspringBoot3Project)
2025-08-20T16:20:49.479+09:00  INFO 11024 --- [MySpringBoot3Project] [restartedMain] c.r.m.MySpringBoot3ProjectApplication    : The following 1 profile is active: "prod"
2025-08-20T16:20:49.537+09:00  INFO 11024 --- [MySpringBoot3Project] [restartedMain] .e.DevToolsPropertyDefaultsPostProcessor : Devtools property defaults active! Set 'spring.devtools.add-properties' to 'false' to disable
2025-08-20T16:20:49.537+09:00  INFO 11024 --- [MySpringBoot3Project] [restartedMain] .e.DevToolsPropertyDefaultsPostProcessor : For additional web related logging consider setting the 'logging.level.web' property to 'DEBUG'
2025-08-20T16:20:51.022+09:00  INFO 11024 --- [MySpringBoot3Project] [restartedMain] .s.d.r.c.RepositoryConfigurationDelegate : Bootstrapping Spring Data JPA repositories in DEFAULT mode.
2025-08-20T16:20:51.096+09:00  INFO 11024 --- [MySpringBoot3Project] [restartedMain] .s.d.r.c.RepositoryConfigurationDelegate : Finished Spring Data repository scanning in 62 ms. Found 3 JPA repository interfaces.
2025-08-20T16:20:52.469+09:00  INFO 11024 --- [MySpringBoot3Project] [restartedMain] o.s.b.w.e.t.TomcatWebServer              : Tomcat initialized with port 8080 (http)
2025-08-20T16:20:52.509+09:00  INFO 11024 --- [MySpringBoot3Project] [restartedMain] o.a.c.c.StandardService                  : Starting service [Tomcat]
2025-08-20T16:20:52.511+09:00  INFO 11024 --- [MySpringBoot3Project] [restartedMain] o.a.c.c.StandardEngine                   : Starting Servlet engine: [Apache Tomcat/10.1.43]
2025-08-20T16:20:52.574+09:00  INFO 11024 --- [MySpringBoot3Project] [restartedMain] o.a.c.c.C.[.[.[/]                        : Initializing Spring embedded WebApplicationContext
2025-08-20T16:20:52.574+09:00  INFO 11024 --- [MySpringBoot3Project] [restartedMain] w.s.c.ServletWebServerApplicationContext : Root WebApplicationContext: initialization completed in 3036 ms
2025-08-20T16:20:53.309+09:00  INFO 11024 --- [MySpringBoot3Project] [restartedMain] o.h.j.i.u.LogHelper                      : HHH000204: Processing PersistenceUnitInfo [name: default]
2025-08-20T16:20:53.390+09:00  INFO 11024 --- [MySpringBoot3Project] [restartedMain] o.h.Version                              : HHH000412: Hibernate ORM core version 6.6.22.Final
2025-08-20T16:20:53.424+09:00  INFO 11024 --- [MySpringBoot3Project] [restartedMain] o.h.c.i.RegionFactoryInitiator           : HHH000026: Second-level cache disabled
2025-08-20T16:20:53.689+09:00  INFO 11024 --- [MySpringBoot3Project] [restartedMain] o.s.o.j.p.SpringPersistenceUnitInfo      : No LoadTimeWeaver setup: ignoring JPA class transformer
2025-08-20T16:20:53.717+09:00  INFO 11024 --- [MySpringBoot3Project] [restartedMain] c.z.h.HikariDataSource                   : HikariPool-1 - Starting...
2025-08-20T16:20:53.793+09:00  INFO 11024 --- [MySpringBoot3Project] [restartedMain] c.z.h.p.HikariPool                       : HikariPool-1 - Added connection org.mariadb.jdbc.Connection@bd9afb9
2025-08-20T16:20:53.794+09:00  INFO 11024 --- [MySpringBoot3Project] [restartedMain] c.z.h.HikariDataSource                   : HikariPool-1 - Start completed.
2025-08-20T16:20:53.819+09:00  WARN 11024 --- [MySpringBoot3Project] [restartedMain] o.h.o.deprecation                        : HHH90000025: MariaDBDialect does not need to be specified explicitly using 'hibernate.dialect' (remove the property setting and it will be selected by default)
2025-08-20T16:20:53.840+09:00  INFO 11024 --- [MySpringBoot3Project] [restartedMain] o.h.o.c.pooling                          : HHH10001005: Database info:
	Database JDBC URL [Connecting through datasource 'HikariDataSource (HikariPool-1)']
	Database driver: undefined/unknown
	Database version: 10.11.5
	Autocommit mode: undefined/unknown
	Isolation level: undefined/unknown
	Minimum pool size: undefined/unknown
	Maximum pool size: undefined/unknown
2025-08-20T16:20:54.683+09:00  INFO 11024 --- [MySpringBoot3Project] [restartedMain] o.h.e.t.j.p.i.JtaPlatformInitiator       : HHH000489: No JTA platform available (set 'hibernate.transaction.jta.platform' to enable JTA platform integration)
2025-08-20T16:20:54.750+09:00  INFO 11024 --- [MySpringBoot3Project] [restartedMain] j.LocalContainerEntityManagerFactoryBean : Initialized JPA EntityManagerFactory for persistence unit 'default'
2025-08-20T16:20:55.219+09:00  WARN 11024 --- [MySpringBoot3Project] [restartedMain] JpaBaseConfiguration$JpaWebConfiguration : spring.jpa.open-in-view is enabled by default. Therefore, database queries may be performed during view rendering. Explicitly configure spring.jpa.open-in-view to disable this warning
2025-08-20T16:20:55.271+09:00  INFO 11024 --- [MySpringBoot3Project] [restartedMain] eAuthenticationProviderManagerConfigurer : Global AuthenticationManager configured with AuthenticationProvider bean with name authenticationProvider
2025-08-20T16:20:55.272+09:00  WARN 11024 --- [MySpringBoot3Project] [restartedMain] r$InitializeUserDetailsManagerConfigurer : Global AuthenticationManager configured with an AuthenticationProvider bean. UserDetailsService beans will not be used by Spring Security for automatically configuring username/password login. Consider removing the AuthenticationProvider bean. Alternatively, consider using the UserDetailsService in a manually instantiated DaoAuthenticationProvider. If the current configuration is intentional, to turn off this warning, increase the logging level of 'org.springframework.security.config.annotation.authentication.configuration.InitializeUserDetailsBeanManagerConfigurer' to ERROR
2025-08-20T16:20:55.344+09:00  INFO 11024 --- [MySpringBoot3Project] [restartedMain] o.s.b.a.w.s.WelcomePageHandlerMapping    : Adding welcome page: class path resource [static/index.html]
2025-08-20T16:20:55.813+09:00  INFO 11024 --- [MySpringBoot3Project] [restartedMain] o.s.b.a.e.w.EndpointLinksResolver        : Exposing 15 endpoints beneath base path '/actuator'
2025-08-20T16:20:56.283+09:00  INFO 11024 --- [MySpringBoot3Project] [restartedMain] o.s.b.a.h.H2ConsoleAutoConfiguration     : H2 console available at '/h2-console'. Database available at 'jdbc:mariadb://127.0.0.1:3307/boot_db?user=boot&password=***'
2025-08-20T16:20:56.344+09:00  INFO 11024 --- [MySpringBoot3Project] [restartedMain] o.s.b.d.a.OptionalLiveReloadServer       : LiveReload server is running on port 35729
2025-08-20T16:20:56.464+09:00  INFO 11024 --- [MySpringBoot3Project] [restartedMain] o.s.b.w.e.t.TomcatWebServer              : Tomcat started on port 8080 (http) with context path '/'
2025-08-20T16:20:56.480+09:00  INFO 11024 --- [MySpringBoot3Project] [restartedMain] c.r.m.MySpringBoot3ProjectApplication    : Started MySpringBoot3ProjectApplication in 7.63 seconds (process running for 8.561)
2025-08-20T16:20:56.489+09:00  INFO 11024 --- [MySpringBoot3Project] [restartedMain] c.r.m.r.DatabaseRunner                   : DataSource 구현객체는 com.zaxxer.hikari.HikariDataSource 
2025-08-20T16:20:56.490+09:00  INFO 11024 --- [MySpringBoot3Project] [restartedMain] c.r.m.r.DatabaseRunner                   : DB Product Name = MariaDB
2025-08-20T16:20:56.490+09:00  INFO 11024 --- [MySpringBoot3Project] [restartedMain] c.r.m.r.DatabaseRunner                   : DB URL = jdbc:mariadb://127.0.0.1:3307/boot_db?user=boot&password=***
2025-08-20T16:20:56.491+09:00  INFO 11024 --- [MySpringBoot3Project] [restartedMain] c.r.m.r.DatabaseRunner                   : DB Username = boot
2025-08-20T16:20:56.491+09:00  INFO 11024 --- [MySpringBoot3Project] [restartedMain] c.r.m.r.MyPropsRunner                    : 현재 활성화된 CustomerVO Bean = CustomVO(mode=운영모드, rate=1.5)
2025-08-20T16:20:56.494+09:00  INFO 11024 --- [MySpringBoot3Project] [restartedMain] c.r.m.r.MyPropsRunner                    : MyBootProperties.getName() = Spring PROD
2025-08-20T16:20:56.494+09:00  INFO 11024 --- [MySpringBoot3Project] [restartedMain] c.r.m.r.MyPropsRunner                    : MyBootProperties.getAge() = 97
2025-08-20T16:20:56.495+09:00  INFO 11024 --- [MySpringBoot3Project] [restartedMain] c.r.m.r.MyPropsRunner                    : MyBootProperties.getFullName() = Spring PROD Boot
2025-08-20T16:20:56.495+09:00  INFO 11024 --- [MySpringBoot3Project] [restartedMain] c.r.m.r.MyPropsRunner                    : Properties myboot.name = Spring PROD
2025-08-20T16:20:56.495+09:00  INFO 11024 --- [MySpringBoot3Project] [restartedMain] c.r.m.r.MyPropsRunner                    : Properties myboot.age = 54
2025-08-20T16:20:56.496+09:00  INFO 11024 --- [MySpringBoot3Project] [restartedMain] c.r.m.r.MyPropsRunner                    : Properties myboot.fullName = Spring PROD Boot
2025-08-20T16:21:00.233+09:00  INFO 11024 --- [MySpringBoot3Project] [http-nio-8080-exec-2] o.a.c.c.C.[.[.[/]                        : Initializing Spring DispatcherServlet 'dispatcherServlet'
2025-08-20T16:21:00.234+09:00  INFO 11024 --- [MySpringBoot3Project] [http-nio-8080-exec-2] o.s.w.s.DispatcherServlet                : Initializing Servlet 'dispatcherServlet'
2025-08-20T16:21:00.239+09:00  INFO 11024 --- [MySpringBoot3Project] [http-nio-8080-exec-2] o.s.w.s.DispatcherServlet                : Completed initialization in 5 ms
2025-08-20T16:22:24.589+09:00  INFO 11024 --- [MySpringBoot3Project] [SpringApplicationShutdownHook] o.s.b.w.e.t.GracefulShutdown             : Commencing graceful shutdown. Waiting for active requests to complete
2025-08-20T16:22:24.609+09:00  INFO 11024 --- [MySpringBoot3Project] [tomcat-shutdown] o.s.b.w.e.t.GracefulShutdown             : Graceful shutdown complete
2025-08-20T16:22:24.615+09:00  INFO 11024 --- [MySpringBoot3Project] [SpringApplicationShutdownHook] j.LocalContainerEntityManagerFactoryBean : Closing JPA EntityManagerFactory for persistence unit 'default'
2025-08-20T16:22:24.618+09:00  INFO 11024 --- [MySpringBoot3Project] [SpringApplicationShutdownHook] c.z.h.HikariDataSource                   : HikariPool-1 - Shutdown initiated...
2025-08-20T16:22:24.622+09:00  INFO 11024 --- [MySpringBoot3Project] [SpringApplicationShutdownHook] c.z.h.HikariDataSource                   : HikariPool-1 - Shutdown completed.
2025-08-20T16:22:45.064+09:00  INFO 12688 --- [MySpringBoot3Project] [restartedMain] c.r.m.MySpringBoot3ProjectApplication    : Starting MySpringBoot3ProjectApplication using Java 22.0.1 with PID 12688 (C:\shieldus\back_java\SpringBoot\MyspringBoot3Project\target\classes started by hia in C:\shieldus\back_java\SpringBoot\MyspringBoot3Project)
2025-08-20T16:22:45.154+09:00  INFO 12688 --- [MySpringBoot3Project] [restartedMain] c.r.m.MySpringBoot3ProjectApplication    : The following 1 profile is active: "prod"
2025-08-20T16:22:45.228+09:00  INFO 12688 --- [MySpringBoot3Project] [restartedMain] .e.DevToolsPropertyDefaultsPostProcessor : Devtools property defaults active! Set 'spring.devtools.add-properties' to 'false' to disable
2025-08-20T16:22:45.228+09:00  INFO 12688 --- [MySpringBoot3Project] [restartedMain] .e.DevToolsPropertyDefaultsPostProcessor : For additional web related logging consider setting the 'logging.level.web' property to 'DEBUG'
2025-08-20T16:22:46.524+09:00  INFO 12688 --- [MySpringBoot3Project] [restartedMain] .s.d.r.c.RepositoryConfigurationDelegate : Bootstrapping Spring Data JPA repositories in DEFAULT mode.
2025-08-20T16:22:46.584+09:00  INFO 12688 --- [MySpringBoot3Project] [restartedMain] .s.d.r.c.RepositoryConfigurationDelegate : Finished Spring Data repository scanning in 51 ms. Found 3 JPA repository interfaces.
2025-08-20T16:22:47.776+09:00  INFO 12688 --- [MySpringBoot3Project] [restartedMain] o.s.b.w.e.t.TomcatWebServer              : Tomcat initialized with port 8080 (http)
2025-08-20T16:22:47.797+09:00  INFO 12688 --- [MySpringBoot3Project] [restartedMain] o.a.c.c.StandardService                  : Starting service [Tomcat]
2025-08-20T16:22:47.798+09:00  INFO 12688 --- [MySpringBoot3Project] [restartedMain] o.a.c.c.StandardEngine                   : Starting Servlet engine: [Apache Tomcat/10.1.43]
2025-08-20T16:22:47.871+09:00  INFO 12688 --- [MySpringBoot3Project] [restartedMain] o.a.c.c.C.[.[.[/]                        : Initializing Spring embedded WebApplicationContext
2025-08-20T16:22:47.871+09:00  INFO 12688 --- [MySpringBoot3Project] [restartedMain] w.s.c.ServletWebServerApplicationContext : Root WebApplicationContext: initialization completed in 2642 ms
2025-08-20T16:22:48.680+09:00  INFO 12688 --- [MySpringBoot3Project] [restartedMain] o.h.j.i.u.LogHelper                      : HHH000204: Processing PersistenceUnitInfo [name: default]
2025-08-20T16:22:48.764+09:00  INFO 12688 --- [MySpringBoot3Project] [restartedMain] o.h.Version                              : HHH000412: Hibernate ORM core version 6.6.22.Final
2025-08-20T16:22:48.797+09:00  INFO 12688 --- [MySpringBoot3Project] [restartedMain] o.h.c.i.RegionFactoryInitiator           : HHH000026: Second-level cache disabled
2025-08-20T16:22:49.070+09:00  INFO 12688 --- [MySpringBoot3Project] [restartedMain] o.s.o.j.p.SpringPersistenceUnitInfo      : No LoadTimeWeaver setup: ignoring JPA class transformer
2025-08-20T16:22:49.104+09:00  INFO 12688 --- [MySpringBoot3Project] [restartedMain] c.z.h.HikariDataSource                   : HikariPool-1 - Starting...
2025-08-20T16:22:50.207+09:00  WARN 12688 --- [MySpringBoot3Project] [restartedMain] o.h.e.j.s.SqlExceptionHelper             : SQL Error: 1251, SQLState: 08004
2025-08-20T16:22:50.207+09:00 ERROR 12688 --- [MySpringBoot3Project] [restartedMain] o.h.e.j.s.SqlExceptionHelper             : Client does not support authentication protocol requested by server. plugin type was = 'sha256_password'
2025-08-20T16:22:50.209+09:00  WARN 12688 --- [MySpringBoot3Project] [restartedMain] o.h.e.j.e.i.JdbcEnvironmentInitiator     : HHH000342: Could not obtain connection to query metadata

org.hibernate.exception.JDBCConnectionException: unable to obtain isolated JDBC connection [Client does not support authentication protocol requested by server. plugin type was = 'sha256_password'] [n/a]
	at org.hibernate.exception.internal.SQLStateConversionDelegate.convert(SQLStateConversionDelegate.java:100) ~[hibernate-core-6.6.22.Final.jar:6.6.22.Final]
	at org.hibernate.exception.internal.StandardSQLExceptionConverter.convert(StandardSQLExceptionConverter.java:58) ~[hibernate-core-6.6.22.Final.jar:6.6.22.Final]
	at org.hibernate.engine.jdbc.spi.SqlExceptionHelper.convert(SqlExceptionHelper.java:108) ~[hibernate-core-6.6.22.Final.jar:6.6.22.Final]
	at org.hibernate.engine.jdbc.spi.SqlExceptionHelper.convert(SqlExceptionHelper.java:94) ~[hibernate-core-6.6.22.Final.jar:6.6.22.Final]
	at org.hibernate.resource.transaction.backend.jdbc.internal.JdbcIsolationDelegate.delegateWork(JdbcIsolationDelegate.java:116) ~[hibernate-core-6.6.22.Final.jar:6.6.22.Final]
	at org.hibernate.engine.jdbc.env.internal.JdbcEnvironmentInitiator.getJdbcEnvironmentUsingJdbcMetadata(JdbcEnvironmentInitiator.java:336) ~[hibernate-core-6.6.22.Final.jar:6.6.22.Final]
	at org.hibernate.engine.jdbc.env.internal.JdbcEnvironmentInitiator.initiateService(JdbcEnvironmentInitiator.java:129) ~[hibernate-core-6.6.22.Final.jar:6.6.22.Final]
	at org.hibernate.engine.jdbc.env.internal.JdbcEnvironmentInitiator.initiateService(JdbcEnvironmentInitiator.java:81) ~[hibernate-core-6.6.22.Final.jar:6.6.22.Final]
	at org.hibernate.boot.registry.internal.StandardServiceRegistryImpl.initiateService(StandardServiceRegistryImpl.java:130) ~[hibernate-core-6.6.22.Final.jar:6.6.22.Final]
	at org.hibernate.service.internal.AbstractServiceRegistryImpl.createService(AbstractServiceRegistryImpl.java:263) ~[hibernate-core-6.6.22.Final.jar:6.6.22.Final]
	at org.hibernate.service.internal.AbstractServiceRegistryImpl.initializeService(AbstractServiceRegistryImpl.java:238) ~[hibernate-core-6.6.22.Final.jar:6.6.22.Final]
	at org.hibernate.service.internal.AbstractServiceRegistryImpl.getService(AbstractServiceRegistryImpl.java:215) ~[hibernate-core-6.6.22.Final.jar:6.6.22.Final]
	at org.hibernate.boot.model.relational.Database.<init>(Database.java:45) ~[hibernate-core-6.6.22.Final.jar:6.6.22.Final]
	at org.hibernate.boot.internal.InFlightMetadataCollectorImpl.getDatabase(InFlightMetadataCollectorImpl.java:226) ~[hibernate-core-6.6.22.Final.jar:6.6.22.Final]
	at org.hibernate.boot.internal.InFlightMetadataCollectorImpl.<init>(InFlightMetadataCollectorImpl.java:194) ~[hibernate-core-6.6.22.Final.jar:6.6.22.Final]
	at org.hibernate.boot.model.process.spi.MetadataBuildingProcess.complete(MetadataBuildingProcess.java:171) ~[hibernate-core-6.6.22.Final.jar:6.6.22.Final]
	at org.hibernate.jpa.boot.internal.EntityManagerFactoryBuilderImpl.metadata(EntityManagerFactoryBuilderImpl.java:1442) ~[hibernate-core-6.6.22.Final.jar:6.6.22.Final]
	at org.hibernate.jpa.boot.internal.EntityManagerFactoryBuilderImpl.build(EntityManagerFactoryBuilderImpl.java:1513) ~[hibernate-core-6.6.22.Final.jar:6.6.22.Final]
	at org.springframework.orm.jpa.vendor.SpringHibernateJpaPersistenceProvider.createContainerEntityManagerFactory(SpringHibernateJpaPersistenceProvider.java:66) ~[spring-orm-6.2.8.jar:6.2.8]
	at org.springframework.orm.jpa.LocalContainerEntityManagerFactoryBean.createNativeEntityManagerFactory(LocalContainerEntityManagerFactoryBean.java:390) ~[spring-orm-6.2.8.jar:6.2.8]
	at org.springframework.orm.jpa.AbstractEntityManagerFactoryBean.buildNativeEntityManagerFactory(AbstractEntityManagerFactoryBean.java:419) ~[spring-orm-6.2.8.jar:6.2.8]
	at org.springframework.orm.jpa.AbstractEntityManagerFactoryBean.afterPropertiesSet(AbstractEntityManagerFactoryBean.java:400) ~[spring-orm-6.2.8.jar:6.2.8]
	at org.springframework.orm.jpa.LocalContainerEntityManagerFactoryBean.afterPropertiesSet(LocalContainerEntityManagerFactoryBean.java:366) ~[spring-orm-6.2.8.jar:6.2.8]
	at org.springframework.beans.factory.support.AbstractAutowireCapableBeanFactory.invokeInitMethods(AbstractAutowireCapableBeanFactory.java:1873) ~[spring-beans-6.2.8.jar:6.2.8]
	at org.springframework.beans.factory.support.AbstractAutowireCapableBeanFactory.initializeBean(AbstractAutowireCapableBeanFactory.java:1822) ~[spring-beans-6.2.8.jar:6.2.8]
	at org.springframework.beans.factory.support.AbstractAutowireCapableBeanFactory.doCreateBean(AbstractAutowireCapableBeanFactory.java:607) ~[spring-beans-6.2.8.jar:6.2.8]
	at org.springframework.beans.factory.support.AbstractAutowireCapableBeanFactory.createBean(AbstractAutowireCapableBeanFactory.java:529) ~[spring-beans-6.2.8.jar:6.2.8]
	at org.springframework.beans.factory.support.AbstractBeanFactory.lambda$doGetBean$0(AbstractBeanFactory.java:339) ~[spring-beans-6.2.8.jar:6.2.8]
	at org.springframework.beans.factory.support.DefaultSingletonBeanRegistry.getSingleton(DefaultSingletonBeanRegistry.java:373) [spring-beans-6.2.8.jar:6.2.8]
	at org.springframework.beans.factory.support.AbstractBeanFactory.doGetBean(AbstractBeanFactory.java:337) [spring-beans-6.2.8.jar:6.2.8]
	at org.springframework.beans.factory.support.AbstractBeanFactory.getBean(AbstractBeanFactory.java:207) [spring-beans-6.2.8.jar:6.2.8]
	at org.springframework.context.support.AbstractApplicationContext.finishBeanFactoryInitialization(AbstractApplicationContext.java:970) [spring-context-6.2.8.jar:6.2.8]
	at org.springframework.context.support.AbstractApplicationContext.refresh(AbstractApplicationContext.java:627) [spring-context-6.2.8.jar:6.2.8]
	at org.springframework.boot.web.servlet.context.ServletWebServerApplicationContext.refresh(ServletWebServerApplicationContext.java:146) [spring-boot-3.4.8.jar:3.4.8]
	at org.springframework.boot.SpringApplication.refresh(SpringApplication.java:752) [spring-boot-3.4.8.jar:3.4.8]
	at org.springframework.boot.SpringApplication.refreshContext(SpringApplication.java:439) [spring-boot-3.4.8.jar:3.4.8]
	at org.springframework.boot.SpringApplication.run(SpringApplication.java:318) [spring-boot-3.4.8.jar:3.4.8]
	at com.rookies4.myspringboot.MySpringBoot3ProjectApplication.main(MySpringBoot3ProjectApplication.java:20) [classes/:?]
	at java.base/jdk.internal.reflect.DirectMethodHandleAccessor.invoke(DirectMethodHandleAccessor.java:103) ~[?:?]
	at java.base/java.lang.reflect.Method.invoke(Method.java:580) ~[?:?]
	at org.springframework.boot.devtools.restart.RestartLauncher.run(RestartLauncher.java:50) [spring-boot-devtools-3.4.8.jar:3.4.8]
Caused by: java.sql.SQLException: Client does not support authentication protocol requested by server. plugin type was = 'sha256_password'
	at org.mariadb.jdbc.plugin.authentication.AuthenticationPluginLoader.get(AuthenticationPluginLoader.java:48) ~[mariadb-java-client-3.4.2.jar:?]
	at org.mariadb.jdbc.client.impl.StandardClient.authenticationHandler(StandardClient.java:282) ~[mariadb-java-client-3.4.2.jar:?]
	at org.mariadb.jdbc.client.impl.StandardClient.<init>(StandardClient.java:226) ~[mariadb-java-client-3.4.2.jar:?]
	at org.mariadb.jdbc.Driver.connect(Driver.java:68) ~[mariadb-java-client-3.4.2.jar:?]
	at org.mariadb.jdbc.Driver.connect(Driver.java:92) ~[mariadb-java-client-3.4.2.jar:?]
	at org.mariadb.jdbc.Driver.connect(Driver.java:26) ~[mariadb-java-client-3.4.2.jar:?]
	at com.zaxxer.hikari.util.DriverDataSource.getConnection(DriverDataSource.java:137) ~[HikariCP-5.1.0.jar:?]
	at com.zaxxer.hikari.pool.PoolBase.newConnection(PoolBase.java:360) ~[HikariCP-5.1.0.jar:?]
	at com.zaxxer.hikari.pool.PoolBase.newPoolEntry(PoolBase.java:202) ~[HikariCP-5.1.0.jar:?]
	at com.zaxxer.hikari.pool.HikariPool.createPoolEntry(HikariPool.java:461) ~[HikariCP-5.1.0.jar:?]
	at com.zaxxer.hikari.pool.HikariPool.checkFailFast(HikariPool.java:550) ~[HikariCP-5.1.0.jar:?]
	at com.zaxxer.hikari.pool.HikariPool.<init>(HikariPool.java:98) ~[HikariCP-5.1.0.jar:?]
	at com.zaxxer.hikari.HikariDataSource.getConnection(HikariDataSource.java:111) ~[HikariCP-5.1.0.jar:?]
	at org.hibernate.engine.jdbc.connections.internal.DatasourceConnectionProviderImpl.getConnection(DatasourceConnectionProviderImpl.java:126) ~[hibernate-core-6.6.22.Final.jar:6.6.22.Final]
	at org.hibernate.engine.jdbc.env.internal.JdbcEnvironmentInitiator$ConnectionProviderJdbcConnectionAccess.obtainConnection(JdbcEnvironmentInitiator.java:483) ~[hibernate-core-6.6.22.Final.jar:6.6.22.Final]
	at org.hibernate.resource.transaction.backend.jdbc.internal.JdbcIsolationDelegate.delegateWork(JdbcIsolationDelegate.java:61) ~[hibernate-core-6.6.22.Final.jar:6.6.22.Final]
	... 36 more

2025-08-20T16:22:50.229+09:00  WARN 12688 --- [MySpringBoot3Project] [restartedMain] o.h.o.deprecation                        : HHH90000025: MariaDBDialect does not need to be specified explicitly using 'hibernate.dialect' (remove the property setting and it will be selected by default)
2025-08-20T16:22:50.241+09:00  INFO 12688 --- [MySpringBoot3Project] [restartedMain] o.h.o.c.pooling                          : HHH10001005: Database info:
	Database JDBC URL [Connecting through datasource 'HikariDataSource (null)']
	Database driver: undefined/unknown
	Database version: 10.4
	Autocommit mode: undefined/unknown
	Isolation level: undefined/unknown
	Minimum pool size: undefined/unknown
	Maximum pool size: undefined/unknown
2025-08-20T16:22:50.429+09:00 ERROR 12688 --- [MySpringBoot3Project] [restartedMain] j.LocalContainerEntityManagerFactoryBean : Failed to initialize JPA EntityManagerFactory: Could not determine recommended JdbcType for Java type 'com.rookies4.myspringboot.entity.StudentDetail'
2025-08-20T16:22:50.430+09:00  WARN 12688 --- [MySpringBoot3Project] [restartedMain] ConfigServletWebServerApplicationContext : Exception encountered during context initialization - cancelling refresh attempt: org.springframework.beans.factory.BeanCreationException: Error creating bean with name 'entityManagerFactory' defined in class path resource [org/springframework/boot/autoconfigure/orm/jpa/HibernateJpaConfiguration.class]: Could not determine recommended JdbcType for Java type 'com.rookies4.myspringboot.entity.StudentDetail'
2025-08-20T16:22:50.440+09:00  INFO 12688 --- [MySpringBoot3Project] [restartedMain] o.a.c.c.StandardService                  : Stopping service [Tomcat]
2025-08-20T16:22:50.468+09:00  INFO 12688 --- [MySpringBoot3Project] [restartedMain] .s.b.a.l.ConditionEvaluationReportLogger : 

Error starting ApplicationContext. To display the condition evaluation report re-run your application with 'debug' enabled.
2025-08-20T16:22:50.501+09:00 ERROR 12688 --- [MySpringBoot3Project] [restartedMain] o.s.b.SpringApplication                  : Application run failed

org.springframework.beans.factory.BeanCreationException: Error creating bean with name 'entityManagerFactory' defined in class path resource [org/springframework/boot/autoconfigure/orm/jpa/HibernateJpaConfiguration.class]: Could not determine recommended JdbcType for Java type 'com.rookies4.myspringboot.entity.StudentDetail'
	at org.springframework.beans.factory.support.AbstractAutowireCapableBeanFactory.initializeBean(AbstractAutowireCapableBeanFactory.java:1826) ~[spring-beans-6.2.8.jar:6.2.8]
	at org.springframework.beans.factory.support.AbstractAutowireCapableBeanFactory.doCreateBean(AbstractAutowireCapableBeanFactory.java:607) ~[spring-beans-6.2.8.jar:6.2.8]
	at org.springframework.beans.factory.support.AbstractAutowireCapableBeanFactory.createBean(AbstractAutowireCapableBeanFactory.java:529) ~[spring-beans-6.2.8.jar:6.2.8]
	at org.springframework.beans.factory.support.AbstractBeanFactory.lambda$doGetBean$0(AbstractBeanFactory.java:339) ~[spring-beans-6.2.8.jar:6.2.8]
	at org.springframework.beans.factory.support.DefaultSingletonBeanRegistry.getSingleton(DefaultSingletonBeanRegistry.java:373) ~[spring-beans-6.2.8.jar:6.2.8]
	at org.springframework.beans.factory.support.AbstractBeanFactory.doGetBean(AbstractBeanFactory.java:337) ~[spring-beans-6.2.8.jar:6.2.8]
	at org.springframework.beans.factory.support.AbstractBeanFactory.getBean(AbstractBeanFactory.java:207) ~[spring-beans-6.2.8.jar:6.2.8]
	at org.springframework.context.support.AbstractApplicationContext.finishBeanFactoryInitialization(AbstractApplicationContext.java:970) ~[spring-context-6.2.8.jar:6.2.8]
	at org.springframework.context.support.AbstractApplicationContext.refresh(AbstractApplicationContext.java:627) ~[spring-context-6.2.8.jar:6.2.8]
	at org.springframework.boot.web.servlet.context.ServletWebServerApplicationContext.refresh(ServletWebServerApplicationContext.java:146) ~[spring-boot-3.4.8.jar:3.4.8]
	at org.springframework.boot.SpringApplication.refresh(SpringApplication.java:752) [spring-boot-3.4.8.jar:3.4.8]
	at org.springframework.boot.SpringApplication.refreshContext(SpringApplication.java:439) [spring-boot-3.4.8.jar:3.4.8]
	at org.springframework.boot.SpringApplication.run(SpringApplication.java:318) [spring-boot-3.4.8.jar:3.4.8]
	at com.rookies4.myspringboot.MySpringBoot3ProjectApplication.main(MySpringBoot3ProjectApplication.java:20) [classes/:?]
	at java.base/jdk.internal.reflect.DirectMethodHandleAccessor.invoke(DirectMethodHandleAccessor.java:103) ~[?:?]
	at java.base/java.lang.reflect.Method.invoke(Method.java:580) ~[?:?]
	at org.springframework.boot.devtools.restart.RestartLauncher.run(RestartLauncher.java:50) [spring-boot-devtools-3.4.8.jar:3.4.8]
Caused by: org.hibernate.type.descriptor.java.spi.JdbcTypeRecommendationException: Could not determine recommended JdbcType for Java type 'com.rookies4.myspringboot.entity.StudentDetail'
	at org.hibernate.type.descriptor.java.spi.UnknownBasicJavaType.getRecommendedJdbcType(UnknownBasicJavaType.java:50) ~[hibernate-core-6.6.22.Final.jar:6.6.22.Final]
	at org.hibernate.boot.model.process.internal.InferredBasicValueResolver.from(InferredBasicValueResolver.java:195) ~[hibernate-core-6.6.22.Final.jar:6.6.22.Final]
	at org.hibernate.mapping.BasicValue.resolution(BasicValue.java:664) ~[hibernate-core-6.6.22.Final.jar:6.6.22.Final]
	at org.hibernate.mapping.BasicValue.buildResolution(BasicValue.java:461) ~[hibernate-core-6.6.22.Final.jar:6.6.22.Final]
	at org.hibernate.mapping.BasicValue.resolve(BasicValue.java:351) ~[hibernate-core-6.6.22.Final.jar:6.6.22.Final]
	at org.hibernate.mapping.BasicValue.resolve(BasicValue.java:341) ~[hibernate-core-6.6.22.Final.jar:6.6.22.Final]
	at org.hibernate.boot.internal.InFlightMetadataCollectorImpl.lambda$processValueResolvers$6(InFlightMetadataCollectorImpl.java:1827) ~[hibernate-core-6.6.22.Final.jar:6.6.22.Final]
	at java.base/java.util.ArrayList.removeIf(ArrayList.java:1766) ~[?:?]
	at java.base/java.util.ArrayList.removeIf(ArrayList.java:1744) ~[?:?]
	at org.hibernate.boot.internal.InFlightMetadataCollectorImpl.processValueResolvers(InFlightMetadataCollectorImpl.java:1826) ~[hibernate-core-6.6.22.Final.jar:6.6.22.Final]
	at org.hibernate.boot.internal.InFlightMetadataCollectorImpl.processSecondPasses(InFlightMetadataCollectorImpl.java:1812) ~[hibernate-core-6.6.22.Final.jar:6.6.22.Final]
	at org.hibernate.boot.model.process.spi.MetadataBuildingProcess.complete(MetadataBuildingProcess.java:334) ~[hibernate-core-6.6.22.Final.jar:6.6.22.Final]
	at org.hibernate.jpa.boot.internal.EntityManagerFactoryBuilderImpl.metadata(EntityManagerFactoryBuilderImpl.java:1442) ~[hibernate-core-6.6.22.Final.jar:6.6.22.Final]
	at org.hibernate.jpa.boot.internal.EntityManagerFactoryBuilderImpl.build(EntityManagerFactoryBuilderImpl.java:1513) ~[hibernate-core-6.6.22.Final.jar:6.6.22.Final]
	at org.springframework.orm.jpa.vendor.SpringHibernateJpaPersistenceProvider.createContainerEntityManagerFactory(SpringHibernateJpaPersistenceProvider.java:66) ~[spring-orm-6.2.8.jar:6.2.8]
	at org.springframework.orm.jpa.LocalContainerEntityManagerFactoryBean.createNativeEntityManagerFactory(LocalContainerEntityManagerFactoryBean.java:390) ~[spring-orm-6.2.8.jar:6.2.8]
	at org.springframework.orm.jpa.AbstractEntityManagerFactoryBean.buildNativeEntityManagerFactory(AbstractEntityManagerFactoryBean.java:419) ~[spring-orm-6.2.8.jar:6.2.8]
	at org.springframework.orm.jpa.AbstractEntityManagerFactoryBean.afterPropertiesSet(AbstractEntityManagerFactoryBean.java:400) ~[spring-orm-6.2.8.jar:6.2.8]
	at org.springframework.orm.jpa.LocalContainerEntityManagerFactoryBean.afterPropertiesSet(LocalContainerEntityManagerFactoryBean.java:366) ~[spring-orm-6.2.8.jar:6.2.8]
	at org.springframework.beans.factory.support.AbstractAutowireCapableBeanFactory.invokeInitMethods(AbstractAutowireCapableBeanFactory.java:1873) ~[spring-beans-6.2.8.jar:6.2.8]
	at org.springframework.beans.factory.support.AbstractAutowireCapableBeanFactory.initializeBean(AbstractAutowireCapableBeanFactory.java:1822) ~[spring-beans-6.2.8.jar:6.2.8]
	... 16 more

2025-08-20T16:23:07.790+09:00  INFO 15532 --- [MySpringBoot3Project] [restartedMain] c.r.m.MySpringBoot3ProjectApplication    : Starting MySpringBoot3ProjectApplication using Java 22.0.1 with PID 15532 (C:\shieldus\back_java\SpringBoot\MyspringBoot3Project\target\classes started by hia in C:\shieldus\back_java\SpringBoot\MyspringBoot3Project)
2025-08-20T16:23:07.910+09:00  INFO 15532 --- [MySpringBoot3Project] [restartedMain] c.r.m.MySpringBoot3ProjectApplication    : The following 1 profile is active: "prod"
2025-08-20T16:23:07.989+09:00  INFO 15532 --- [MySpringBoot3Project] [restartedMain] .e.DevToolsPropertyDefaultsPostProcessor : Devtools property defaults active! Set 'spring.devtools.add-properties' to 'false' to disable
2025-08-20T16:23:07.990+09:00  INFO 15532 --- [MySpringBoot3Project] [restartedMain] .e.DevToolsPropertyDefaultsPostProcessor : For additional web related logging consider setting the 'logging.level.web' property to 'DEBUG'
2025-08-20T16:23:09.442+09:00  INFO 15532 --- [MySpringBoot3Project] [restartedMain] .s.d.r.c.RepositoryConfigurationDelegate : Bootstrapping Spring Data JPA repositories in DEFAULT mode.
2025-08-20T16:23:09.507+09:00  INFO 15532 --- [MySpringBoot3Project] [restartedMain] .s.d.r.c.RepositoryConfigurationDelegate : Finished Spring Data repository scanning in 56 ms. Found 3 JPA repository interfaces.
2025-08-20T16:23:10.848+09:00  INFO 15532 --- [MySpringBoot3Project] [restartedMain] o.s.b.w.e.t.TomcatWebServer              : Tomcat initialized with port 8080 (http)
2025-08-20T16:23:10.902+09:00  INFO 15532 --- [MySpringBoot3Project] [restartedMain] o.a.c.c.StandardService                  : Starting service [Tomcat]
2025-08-20T16:23:10.907+09:00  INFO 15532 --- [MySpringBoot3Project] [restartedMain] o.a.c.c.StandardEngine                   : Starting Servlet engine: [Apache Tomcat/10.1.43]
2025-08-20T16:23:10.988+09:00  INFO 15532 --- [MySpringBoot3Project] [restartedMain] o.a.c.c.C.[.[.[/]                        : Initializing Spring embedded WebApplicationContext
2025-08-20T16:23:10.988+09:00  INFO 15532 --- [MySpringBoot3Project] [restartedMain] w.s.c.ServletWebServerApplicationContext : Root WebApplicationContext: initialization completed in 2997 ms
2025-08-20T16:23:11.702+09:00  INFO 15532 --- [MySpringBoot3Project] [restartedMain] o.h.j.i.u.LogHelper                      : HHH000204: Processing PersistenceUnitInfo [name: default]
2025-08-20T16:23:11.789+09:00  INFO 15532 --- [MySpringBoot3Project] [restartedMain] o.h.Version                              : HHH000412: Hibernate ORM core version 6.6.22.Final
2025-08-20T16:23:11.815+09:00  INFO 15532 --- [MySpringBoot3Project] [restartedMain] o.h.c.i.RegionFactoryInitiator           : HHH000026: Second-level cache disabled
2025-08-20T16:23:12.078+09:00  INFO 15532 --- [MySpringBoot3Project] [restartedMain] o.s.o.j.p.SpringPersistenceUnitInfo      : No LoadTimeWeaver setup: ignoring JPA class transformer
2025-08-20T16:23:12.105+09:00  INFO 15532 --- [MySpringBoot3Project] [restartedMain] c.z.h.HikariDataSource                   : HikariPool-1 - Starting...
2025-08-20T16:23:12.192+09:00  INFO 15532 --- [MySpringBoot3Project] [restartedMain] c.z.h.p.HikariPool                       : HikariPool-1 - Added connection org.mariadb.jdbc.Connection@99a1746
2025-08-20T16:23:12.194+09:00  INFO 15532 --- [MySpringBoot3Project] [restartedMain] c.z.h.HikariDataSource                   : HikariPool-1 - Start completed.
2025-08-20T16:23:12.228+09:00  WARN 15532 --- [MySpringBoot3Project] [restartedMain] o.h.o.deprecation                        : HHH90000025: MariaDBDialect does not need to be specified explicitly using 'hibernate.dialect' (remove the property setting and it will be selected by default)
2025-08-20T16:23:12.255+09:00  INFO 15532 --- [MySpringBoot3Project] [restartedMain] o.h.o.c.pooling                          : HHH10001005: Database info:
	Database JDBC URL [Connecting through datasource 'HikariDataSource (HikariPool-1)']
	Database driver: undefined/unknown
	Database version: 10.11.5
	Autocommit mode: undefined/unknown
	Isolation level: undefined/unknown
	Minimum pool size: undefined/unknown
	Maximum pool size: undefined/unknown
2025-08-20T16:23:12.449+09:00 ERROR 15532 --- [MySpringBoot3Project] [restartedMain] j.LocalContainerEntityManagerFactoryBean : Failed to initialize JPA EntityManagerFactory: Could not determine recommended JdbcType for Java type 'com.rookies4.myspringboot.entity.StudentDetail'
2025-08-20T16:23:12.450+09:00  WARN 15532 --- [MySpringBoot3Project] [restartedMain] ConfigServletWebServerApplicationContext : Exception encountered during context initialization - cancelling refresh attempt: org.springframework.beans.factory.BeanCreationException: Error creating bean with name 'entityManagerFactory' defined in class path resource [org/springframework/boot/autoconfigure/orm/jpa/HibernateJpaConfiguration.class]: Could not determine recommended JdbcType for Java type 'com.rookies4.myspringboot.entity.StudentDetail'
2025-08-20T16:23:12.451+09:00  INFO 15532 --- [MySpringBoot3Project] [restartedMain] c.z.h.HikariDataSource                   : HikariPool-1 - Shutdown initiated...
2025-08-20T16:23:12.491+09:00  INFO 15532 --- [MySpringBoot3Project] [restartedMain] c.z.h.HikariDataSource                   : HikariPool-1 - Shutdown completed.
2025-08-20T16:23:12.498+09:00  INFO 15532 --- [MySpringBoot3Project] [restartedMain] o.a.c.c.StandardService                  : Stopping service [Tomcat]
2025-08-20T16:23:12.518+09:00  INFO 15532 --- [MySpringBoot3Project] [restartedMain] .s.b.a.l.ConditionEvaluationReportLogger : 

Error starting ApplicationContext. To display the condition evaluation report re-run your application with 'debug' enabled.
2025-08-20T16:23:12.538+09:00 ERROR 15532 --- [MySpringBoot3Project] [restartedMain] o.s.b.SpringApplication                  : Application run failed

org.springframework.beans.factory.BeanCreationException: Error creating bean with name 'entityManagerFactory' defined in class path resource [org/springframework/boot/autoconfigure/orm/jpa/HibernateJpaConfiguration.class]: Could not determine recommended JdbcType for Java type 'com.rookies4.myspringboot.entity.StudentDetail'
	at org.springframework.beans.factory.support.AbstractAutowireCapableBeanFactory.initializeBean(AbstractAutowireCapableBeanFactory.java:1826) ~[spring-beans-6.2.8.jar:6.2.8]
	at org.springframework.beans.factory.support.AbstractAutowireCapableBeanFactory.doCreateBean(AbstractAutowireCapableBeanFactory.java:607) ~[spring-beans-6.2.8.jar:6.2.8]
	at org.springframework.beans.factory.support.AbstractAutowireCapableBeanFactory.createBean(AbstractAutowireCapableBeanFactory.java:529) ~[spring-beans-6.2.8.jar:6.2.8]
	at org.springframework.beans.factory.support.AbstractBeanFactory.lambda$doGetBean$0(AbstractBeanFactory.java:339) ~[spring-beans-6.2.8.jar:6.2.8]
	at org.springframework.beans.factory.support.DefaultSingletonBeanRegistry.getSingleton(DefaultSingletonBeanRegistry.java:373) ~[spring-beans-6.2.8.jar:6.2.8]
	at org.springframework.beans.factory.support.AbstractBeanFactory.doGetBean(AbstractBeanFactory.java:337) ~[spring-beans-6.2.8.jar:6.2.8]
	at org.springframework.beans.factory.support.AbstractBeanFactory.getBean(AbstractBeanFactory.java:207) ~[spring-beans-6.2.8.jar:6.2.8]
	at org.springframework.context.support.AbstractApplicationContext.finishBeanFactoryInitialization(AbstractApplicationContext.java:970) ~[spring-context-6.2.8.jar:6.2.8]
	at org.springframework.context.support.AbstractApplicationContext.refresh(AbstractApplicationContext.java:627) ~[spring-context-6.2.8.jar:6.2.8]
	at org.springframework.boot.web.servlet.context.ServletWebServerApplicationContext.refresh(ServletWebServerApplicationContext.java:146) ~[spring-boot-3.4.8.jar:3.4.8]
	at org.springframework.boot.SpringApplication.refresh(SpringApplication.java:752) [spring-boot-3.4.8.jar:3.4.8]
	at org.springframework.boot.SpringApplication.refreshContext(SpringApplication.java:439) [spring-boot-3.4.8.jar:3.4.8]
	at org.springframework.boot.SpringApplication.run(SpringApplication.java:318) [spring-boot-3.4.8.jar:3.4.8]
	at com.rookies4.myspringboot.MySpringBoot3ProjectApplication.main(MySpringBoot3ProjectApplication.java:20) [classes/:?]
	at java.base/jdk.internal.reflect.DirectMethodHandleAccessor.invoke(DirectMethodHandleAccessor.java:103) ~[?:?]
	at java.base/java.lang.reflect.Method.invoke(Method.java:580) ~[?:?]
	at org.springframework.boot.devtools.restart.RestartLauncher.run(RestartLauncher.java:50) [spring-boot-devtools-3.4.8.jar:3.4.8]
Caused by: org.hibernate.type.descriptor.java.spi.JdbcTypeRecommendationException: Could not determine recommended JdbcType for Java type 'com.rookies4.myspringboot.entity.StudentDetail'
	at org.hibernate.type.descriptor.java.spi.UnknownBasicJavaType.getRecommendedJdbcType(UnknownBasicJavaType.java:50) ~[hibernate-core-6.6.22.Final.jar:6.6.22.Final]
	at org.hibernate.boot.model.process.internal.InferredBasicValueResolver.from(InferredBasicValueResolver.java:195) ~[hibernate-core-6.6.22.Final.jar:6.6.22.Final]
	at org.hibernate.mapping.BasicValue.resolution(BasicValue.java:664) ~[hibernate-core-6.6.22.Final.jar:6.6.22.Final]
	at org.hibernate.mapping.BasicValue.buildResolution(BasicValue.java:461) ~[hibernate-core-6.6.22.Final.jar:6.6.22.Final]
	at org.hibernate.mapping.BasicValue.resolve(BasicValue.java:351) ~[hibernate-core-6.6.22.Final.jar:6.6.22.Final]
	at org.hibernate.mapping.BasicValue.resolve(BasicValue.java:341) ~[hibernate-core-6.6.22.Final.jar:6.6.22.Final]
	at org.hibernate.boot.internal.InFlightMetadataCollectorImpl.lambda$processValueResolvers$6(InFlightMetadataCollectorImpl.java:1827) ~[hibernate-core-6.6.22.Final.jar:6.6.22.Final]
	at java.base/java.util.ArrayList.removeIf(ArrayList.java:1766) ~[?:?]
	at java.base/java.util.ArrayList.removeIf(ArrayList.java:1744) ~[?:?]
	at org.hibernate.boot.internal.InFlightMetadataCollectorImpl.processValueResolvers(InFlightMetadataCollectorImpl.java:1826) ~[hibernate-core-6.6.22.Final.jar:6.6.22.Final]
	at org.hibernate.boot.internal.InFlightMetadataCollectorImpl.processSecondPasses(InFlightMetadataCollectorImpl.java:1812) ~[hibernate-core-6.6.22.Final.jar:6.6.22.Final]
	at org.hibernate.boot.model.process.spi.MetadataBuildingProcess.complete(MetadataBuildingProcess.java:334) ~[hibernate-core-6.6.22.Final.jar:6.6.22.Final]
	at org.hibernate.jpa.boot.internal.EntityManagerFactoryBuilderImpl.metadata(EntityManagerFactoryBuilderImpl.java:1442) ~[hibernate-core-6.6.22.Final.jar:6.6.22.Final]
	at org.hibernate.jpa.boot.internal.EntityManagerFactoryBuilderImpl.build(EntityManagerFactoryBuilderImpl.java:1513) ~[hibernate-core-6.6.22.Final.jar:6.6.22.Final]
	at org.springframework.orm.jpa.vendor.SpringHibernateJpaPersistenceProvider.createContainerEntityManagerFactory(SpringHibernateJpaPersistenceProvider.java:66) ~[spring-orm-6.2.8.jar:6.2.8]
	at org.springframework.orm.jpa.LocalContainerEntityManagerFactoryBean.createNativeEntityManagerFactory(LocalContainerEntityManagerFactoryBean.java:390) ~[spring-orm-6.2.8.jar:6.2.8]
	at org.springframework.orm.jpa.AbstractEntityManagerFactoryBean.buildNativeEntityManagerFactory(AbstractEntityManagerFactoryBean.java:419) ~[spring-orm-6.2.8.jar:6.2.8]
	at org.springframework.orm.jpa.AbstractEntityManagerFactoryBean.afterPropertiesSet(AbstractEntityManagerFactoryBean.java:400) ~[spring-orm-6.2.8.jar:6.2.8]
	at org.springframework.orm.jpa.LocalContainerEntityManagerFactoryBean.afterPropertiesSet(LocalContainerEntityManagerFactoryBean.java:366) ~[spring-orm-6.2.8.jar:6.2.8]
	at org.springframework.beans.factory.support.AbstractAutowireCapableBeanFactory.invokeInitMethods(AbstractAutowireCapableBeanFactory.java:1873) ~[spring-beans-6.2.8.jar:6.2.8]
	at org.springframework.beans.factory.support.AbstractAutowireCapableBeanFactory.initializeBean(AbstractAutowireCapableBeanFactory.java:1822) ~[spring-beans-6.2.8.jar:6.2.8]
	... 16 more

2025-08-20T16:23:50.990+09:00  INFO 17104 --- [MySpringBoot3Project] [restartedMain] c.r.m.MySpringBoot3ProjectApplication    : Starting MySpringBoot3ProjectApplication using Java 22.0.1 with PID 17104 (C:\shieldus\back_java\SpringBoot\MyspringBoot3Project\target\classes started by hia in C:\shieldus\back_java\SpringBoot\MyspringBoot3Project)
2025-08-20T16:23:51.109+09:00  INFO 17104 --- [MySpringBoot3Project] [restartedMain] c.r.m.MySpringBoot3ProjectApplication    : The following 1 profile is active: "prod"
2025-08-20T16:23:51.186+09:00  INFO 17104 --- [MySpringBoot3Project] [restartedMain] .e.DevToolsPropertyDefaultsPostProcessor : Devtools property defaults active! Set 'spring.devtools.add-properties' to 'false' to disable
2025-08-20T16:23:51.186+09:00  INFO 17104 --- [MySpringBoot3Project] [restartedMain] .e.DevToolsPropertyDefaultsPostProcessor : For additional web related logging consider setting the 'logging.level.web' property to 'DEBUG'
2025-08-20T16:23:52.530+09:00  INFO 17104 --- [MySpringBoot3Project] [restartedMain] .s.d.r.c.RepositoryConfigurationDelegate : Bootstrapping Spring Data JPA repositories in DEFAULT mode.
2025-08-20T16:23:52.588+09:00  INFO 17104 --- [MySpringBoot3Project] [restartedMain] .s.d.r.c.RepositoryConfigurationDelegate : Finished Spring Data repository scanning in 49 ms. Found 3 JPA repository interfaces.
2025-08-20T16:23:53.922+09:00  INFO 17104 --- [MySpringBoot3Project] [restartedMain] o.s.b.w.e.t.TomcatWebServer              : Tomcat initialized with port 8080 (http)
2025-08-20T16:23:53.956+09:00  INFO 17104 --- [MySpringBoot3Project] [restartedMain] o.a.c.c.StandardService                  : Starting service [Tomcat]
2025-08-20T16:23:53.966+09:00  INFO 17104 --- [MySpringBoot3Project] [restartedMain] o.a.c.c.StandardEngine                   : Starting Servlet engine: [Apache Tomcat/10.1.43]
2025-08-20T16:23:54.026+09:00  INFO 17104 --- [MySpringBoot3Project] [restartedMain] o.a.c.c.C.[.[.[/]                        : Initializing Spring embedded WebApplicationContext
2025-08-20T16:23:54.026+09:00  INFO 17104 --- [MySpringBoot3Project] [restartedMain] w.s.c.ServletWebServerApplicationContext : Root WebApplicationContext: initialization completed in 2839 ms
2025-08-20T16:23:54.813+09:00  INFO 17104 --- [MySpringBoot3Project] [restartedMain] o.h.j.i.u.LogHelper                      : HHH000204: Processing PersistenceUnitInfo [name: default]
2025-08-20T16:23:54.903+09:00  INFO 17104 --- [MySpringBoot3Project] [restartedMain] o.h.Version                              : HHH000412: Hibernate ORM core version 6.6.22.Final
2025-08-20T16:23:54.935+09:00  INFO 17104 --- [MySpringBoot3Project] [restartedMain] o.h.c.i.RegionFactoryInitiator           : HHH000026: Second-level cache disabled
2025-08-20T16:23:55.219+09:00  INFO 17104 --- [MySpringBoot3Project] [restartedMain] o.s.o.j.p.SpringPersistenceUnitInfo      : No LoadTimeWeaver setup: ignoring JPA class transformer
2025-08-20T16:23:55.245+09:00  INFO 17104 --- [MySpringBoot3Project] [restartedMain] c.z.h.HikariDataSource                   : HikariPool-1 - Starting...
2025-08-20T16:23:55.322+09:00  INFO 17104 --- [MySpringBoot3Project] [restartedMain] c.z.h.p.HikariPool                       : HikariPool-1 - Added connection org.mariadb.jdbc.Connection@32b7b1a5
2025-08-20T16:23:55.332+09:00  INFO 17104 --- [MySpringBoot3Project] [restartedMain] c.z.h.HikariDataSource                   : HikariPool-1 - Start completed.
2025-08-20T16:23:55.358+09:00  WARN 17104 --- [MySpringBoot3Project] [restartedMain] o.h.o.deprecation                        : HHH90000025: MariaDBDialect does not need to be specified explicitly using 'hibernate.dialect' (remove the property setting and it will be selected by default)
2025-08-20T16:23:55.383+09:00  INFO 17104 --- [MySpringBoot3Project] [restartedMain] o.h.o.c.pooling                          : HHH10001005: Database info:
	Database JDBC URL [Connecting through datasource 'HikariDataSource (HikariPool-1)']
	Database driver: undefined/unknown
	Database version: 10.11.5
	Autocommit mode: undefined/unknown
	Isolation level: undefined/unknown
	Minimum pool size: undefined/unknown
	Maximum pool size: undefined/unknown
2025-08-20T16:23:55.578+09:00 ERROR 17104 --- [MySpringBoot3Project] [restartedMain] j.LocalContainerEntityManagerFactoryBean : Failed to initialize JPA EntityManagerFactory: Could not determine recommended JdbcType for Java type 'com.rookies4.myspringboot.entity.StudentDetail'
2025-08-20T16:23:55.579+09:00  WARN 17104 --- [MySpringBoot3Project] [restartedMain] ConfigServletWebServerApplicationContext : Exception encountered during context initialization - cancelling refresh attempt: org.springframework.beans.factory.BeanCreationException: Error creating bean with name 'entityManagerFactory' defined in class path resource [org/springframework/boot/autoconfigure/orm/jpa/HibernateJpaConfiguration.class]: Could not determine recommended JdbcType for Java type 'com.rookies4.myspringboot.entity.StudentDetail'
2025-08-20T16:23:55.579+09:00  INFO 17104 --- [MySpringBoot3Project] [restartedMain] c.z.h.HikariDataSource                   : HikariPool-1 - Shutdown initiated...
2025-08-20T16:23:55.588+09:00  INFO 17104 --- [MySpringBoot3Project] [restartedMain] c.z.h.HikariDataSource                   : HikariPool-1 - Shutdown completed.
2025-08-20T16:23:55.593+09:00  INFO 17104 --- [MySpringBoot3Project] [restartedMain] o.a.c.c.StandardService                  : Stopping service [Tomcat]
2025-08-20T16:23:55.612+09:00  INFO 17104 --- [MySpringBoot3Project] [restartedMain] .s.b.a.l.ConditionEvaluationReportLogger : 

Error starting ApplicationContext. To display the condition evaluation report re-run your application with 'debug' enabled.
2025-08-20T16:23:55.629+09:00 ERROR 17104 --- [MySpringBoot3Project] [restartedMain] o.s.b.SpringApplication                  : Application run failed

org.springframework.beans.factory.BeanCreationException: Error creating bean with name 'entityManagerFactory' defined in class path resource [org/springframework/boot/autoconfigure/orm/jpa/HibernateJpaConfiguration.class]: Could not determine recommended JdbcType for Java type 'com.rookies4.myspringboot.entity.StudentDetail'
	at org.springframework.beans.factory.support.AbstractAutowireCapableBeanFactory.initializeBean(AbstractAutowireCapableBeanFactory.java:1826) ~[spring-beans-6.2.8.jar:6.2.8]
	at org.springframework.beans.factory.support.AbstractAutowireCapableBeanFactory.doCreateBean(AbstractAutowireCapableBeanFactory.java:607) ~[spring-beans-6.2.8.jar:6.2.8]
	at org.springframework.beans.factory.support.AbstractAutowireCapableBeanFactory.createBean(AbstractAutowireCapableBeanFactory.java:529) ~[spring-beans-6.2.8.jar:6.2.8]
	at org.springframework.beans.factory.support.AbstractBeanFactory.lambda$doGetBean$0(AbstractBeanFactory.java:339) ~[spring-beans-6.2.8.jar:6.2.8]
	at org.springframework.beans.factory.support.DefaultSingletonBeanRegistry.getSingleton(DefaultSingletonBeanRegistry.java:373) ~[spring-beans-6.2.8.jar:6.2.8]
	at org.springframework.beans.factory.support.AbstractBeanFactory.doGetBean(AbstractBeanFactory.java:337) ~[spring-beans-6.2.8.jar:6.2.8]
	at org.springframework.beans.factory.support.AbstractBeanFactory.getBean(AbstractBeanFactory.java:207) ~[spring-beans-6.2.8.jar:6.2.8]
	at org.springframework.context.support.AbstractApplicationContext.finishBeanFactoryInitialization(AbstractApplicationContext.java:970) ~[spring-context-6.2.8.jar:6.2.8]
	at org.springframework.context.support.AbstractApplicationContext.refresh(AbstractApplicationContext.java:627) ~[spring-context-6.2.8.jar:6.2.8]
	at org.springframework.boot.web.servlet.context.ServletWebServerApplicationContext.refresh(ServletWebServerApplicationContext.java:146) ~[spring-boot-3.4.8.jar:3.4.8]
	at org.springframework.boot.SpringApplication.refresh(SpringApplication.java:752) [spring-boot-3.4.8.jar:3.4.8]
	at org.springframework.boot.SpringApplication.refreshContext(SpringApplication.java:439) [spring-boot-3.4.8.jar:3.4.8]
	at org.springframework.boot.SpringApplication.run(SpringApplication.java:318) [spring-boot-3.4.8.jar:3.4.8]
	at com.rookies4.myspringboot.MySpringBoot3ProjectApplication.main(MySpringBoot3ProjectApplication.java:20) [classes/:?]
	at java.base/jdk.internal.reflect.DirectMethodHandleAccessor.invoke(DirectMethodHandleAccessor.java:103) ~[?:?]
	at java.base/java.lang.reflect.Method.invoke(Method.java:580) ~[?:?]
	at org.springframework.boot.devtools.restart.RestartLauncher.run(RestartLauncher.java:50) [spring-boot-devtools-3.4.8.jar:3.4.8]
Caused by: org.hibernate.type.descriptor.java.spi.JdbcTypeRecommendationException: Could not determine recommended JdbcType for Java type 'com.rookies4.myspringboot.entity.StudentDetail'
	at org.hibernate.type.descriptor.java.spi.UnknownBasicJavaType.getRecommendedJdbcType(UnknownBasicJavaType.java:50) ~[hibernate-core-6.6.22.Final.jar:6.6.22.Final]
	at org.hibernate.boot.model.process.internal.InferredBasicValueResolver.from(InferredBasicValueResolver.java:195) ~[hibernate-core-6.6.22.Final.jar:6.6.22.Final]
	at org.hibernate.mapping.BasicValue.resolution(BasicValue.java:664) ~[hibernate-core-6.6.22.Final.jar:6.6.22.Final]
	at org.hibernate.mapping.BasicValue.buildResolution(BasicValue.java:461) ~[hibernate-core-6.6.22.Final.jar:6.6.22.Final]
	at org.hibernate.mapping.BasicValue.resolve(BasicValue.java:351) ~[hibernate-core-6.6.22.Final.jar:6.6.22.Final]
	at org.hibernate.mapping.BasicValue.resolve(BasicValue.java:341) ~[hibernate-core-6.6.22.Final.jar:6.6.22.Final]
	at org.hibernate.boot.internal.InFlightMetadataCollectorImpl.lambda$processValueResolvers$6(InFlightMetadataCollectorImpl.java:1827) ~[hibernate-core-6.6.22.Final.jar:6.6.22.Final]
	at java.base/java.util.ArrayList.removeIf(ArrayList.java:1766) ~[?:?]
	at java.base/java.util.ArrayList.removeIf(ArrayList.java:1744) ~[?:?]
	at org.hibernate.boot.internal.InFlightMetadataCollectorImpl.processValueResolvers(InFlightMetadataCollectorImpl.java:1826) ~[hibernate-core-6.6.22.Final.jar:6.6.22.Final]
	at org.hibernate.boot.internal.InFlightMetadataCollectorImpl.processSecondPasses(InFlightMetadataCollectorImpl.java:1812) ~[hibernate-core-6.6.22.Final.jar:6.6.22.Final]
	at org.hibernate.boot.model.process.spi.MetadataBuildingProcess.complete(MetadataBuildingProcess.java:334) ~[hibernate-core-6.6.22.Final.jar:6.6.22.Final]
	at org.hibernate.jpa.boot.internal.EntityManagerFactoryBuilderImpl.metadata(EntityManagerFactoryBuilderImpl.java:1442) ~[hibernate-core-6.6.22.Final.jar:6.6.22.Final]
	at org.hibernate.jpa.boot.internal.EntityManagerFactoryBuilderImpl.build(EntityManagerFactoryBuilderImpl.java:1513) ~[hibernate-core-6.6.22.Final.jar:6.6.22.Final]
	at org.springframework.orm.jpa.vendor.SpringHibernateJpaPersistenceProvider.createContainerEntityManagerFactory(SpringHibernateJpaPersistenceProvider.java:66) ~[spring-orm-6.2.8.jar:6.2.8]
	at org.springframework.orm.jpa.LocalContainerEntityManagerFactoryBean.createNativeEntityManagerFactory(LocalContainerEntityManagerFactoryBean.java:390) ~[spring-orm-6.2.8.jar:6.2.8]
	at org.springframework.orm.jpa.AbstractEntityManagerFactoryBean.buildNativeEntityManagerFactory(AbstractEntityManagerFactoryBean.java:419) ~[spring-orm-6.2.8.jar:6.2.8]
	at org.springframework.orm.jpa.AbstractEntityManagerFactoryBean.afterPropertiesSet(AbstractEntityManagerFactoryBean.java:400) ~[spring-orm-6.2.8.jar:6.2.8]
	at org.springframework.orm.jpa.LocalContainerEntityManagerFactoryBean.afterPropertiesSet(LocalContainerEntityManagerFactoryBean.java:366) ~[spring-orm-6.2.8.jar:6.2.8]
	at org.springframework.beans.factory.support.AbstractAutowireCapableBeanFactory.invokeInitMethods(AbstractAutowireCapableBeanFactory.java:1873) ~[spring-beans-6.2.8.jar:6.2.8]
	at org.springframework.beans.factory.support.AbstractAutowireCapableBeanFactory.initializeBean(AbstractAutowireCapableBeanFactory.java:1822) ~[spring-beans-6.2.8.jar:6.2.8]
	... 16 more

2025-08-20T16:24:38.231+09:00  INFO 17960 --- [MySpringBoot3Project] [restartedMain] c.r.m.MySpringBoot3ProjectApplication    : Starting MySpringBoot3ProjectApplication using Java 22.0.1 with PID 17960 (C:\shieldus\back_java\SpringBoot\MyspringBoot3Project\target\classes started by hia in C:\shieldus\back_java\SpringBoot\MyspringBoot3Project)
2025-08-20T16:24:38.327+09:00  INFO 17960 --- [MySpringBoot3Project] [restartedMain] c.r.m.MySpringBoot3ProjectApplication    : The following 1 profile is active: "prod"
2025-08-20T16:24:38.408+09:00  INFO 17960 --- [MySpringBoot3Project] [restartedMain] .e.DevToolsPropertyDefaultsPostProcessor : Devtools property defaults active! Set 'spring.devtools.add-properties' to 'false' to disable
2025-08-20T16:24:38.409+09:00  INFO 17960 --- [MySpringBoot3Project] [restartedMain] .e.DevToolsPropertyDefaultsPostProcessor : For additional web related logging consider setting the 'logging.level.web' property to 'DEBUG'
2025-08-20T16:24:39.915+09:00  INFO 17960 --- [MySpringBoot3Project] [restartedMain] .s.d.r.c.RepositoryConfigurationDelegate : Bootstrapping Spring Data JPA repositories in DEFAULT mode.
2025-08-20T16:24:39.979+09:00  INFO 17960 --- [MySpringBoot3Project] [restartedMain] .s.d.r.c.RepositoryConfigurationDelegate : Finished Spring Data repository scanning in 55 ms. Found 3 JPA repository interfaces.
2025-08-20T16:24:41.264+09:00  INFO 17960 --- [MySpringBoot3Project] [restartedMain] o.s.b.w.e.t.TomcatWebServer              : Tomcat initialized with port 8080 (http)
2025-08-20T16:24:41.292+09:00  INFO 17960 --- [MySpringBoot3Project] [restartedMain] o.a.c.c.StandardService                  : Starting service [Tomcat]
2025-08-20T16:24:41.295+09:00  INFO 17960 --- [MySpringBoot3Project] [restartedMain] o.a.c.c.StandardEngine                   : Starting Servlet engine: [Apache Tomcat/10.1.43]
2025-08-20T16:24:41.364+09:00  INFO 17960 --- [MySpringBoot3Project] [restartedMain] o.a.c.c.C.[.[.[/]                        : Initializing Spring embedded WebApplicationContext
2025-08-20T16:24:41.365+09:00  INFO 17960 --- [MySpringBoot3Project] [restartedMain] w.s.c.ServletWebServerApplicationContext : Root WebApplicationContext: initialization completed in 2955 ms
2025-08-20T16:24:42.065+09:00  INFO 17960 --- [MySpringBoot3Project] [restartedMain] o.h.j.i.u.LogHelper                      : HHH000204: Processing PersistenceUnitInfo [name: default]
2025-08-20T16:24:42.121+09:00  INFO 17960 --- [MySpringBoot3Project] [restartedMain] o.h.Version                              : HHH000412: Hibernate ORM core version 6.6.22.Final
2025-08-20T16:24:42.149+09:00  INFO 17960 --- [MySpringBoot3Project] [restartedMain] o.h.c.i.RegionFactoryInitiator           : HHH000026: Second-level cache disabled
2025-08-20T16:24:42.441+09:00  INFO 17960 --- [MySpringBoot3Project] [restartedMain] o.s.o.j.p.SpringPersistenceUnitInfo      : No LoadTimeWeaver setup: ignoring JPA class transformer
2025-08-20T16:24:42.470+09:00  INFO 17960 --- [MySpringBoot3Project] [restartedMain] c.z.h.HikariDataSource                   : HikariPool-1 - Starting...
2025-08-20T16:24:42.544+09:00  INFO 17960 --- [MySpringBoot3Project] [restartedMain] c.z.h.p.HikariPool                       : HikariPool-1 - Added connection org.mariadb.jdbc.Connection@20de6cc8
2025-08-20T16:24:42.545+09:00  INFO 17960 --- [MySpringBoot3Project] [restartedMain] c.z.h.HikariDataSource                   : HikariPool-1 - Start completed.
2025-08-20T16:24:42.570+09:00  WARN 17960 --- [MySpringBoot3Project] [restartedMain] o.h.o.deprecation                        : HHH90000025: MariaDBDialect does not need to be specified explicitly using 'hibernate.dialect' (remove the property setting and it will be selected by default)
2025-08-20T16:24:42.591+09:00  INFO 17960 --- [MySpringBoot3Project] [restartedMain] o.h.o.c.pooling                          : HHH10001005: Database info:
	Database JDBC URL [Connecting through datasource 'HikariDataSource (HikariPool-1)']
	Database driver: undefined/unknown
	Database version: 10.11.5
	Autocommit mode: undefined/unknown
	Isolation level: undefined/unknown
	Minimum pool size: undefined/unknown
	Maximum pool size: undefined/unknown
2025-08-20T16:24:42.785+09:00 ERROR 17960 --- [MySpringBoot3Project] [restartedMain] j.LocalContainerEntityManagerFactoryBean : Failed to initialize JPA EntityManagerFactory: Could not determine recommended JdbcType for Java type 'com.rookies4.myspringboot.entity.StudentDetail'
2025-08-20T16:24:42.786+09:00  WARN 17960 --- [MySpringBoot3Project] [restartedMain] ConfigServletWebServerApplicationContext : Exception encountered during context initialization - cancelling refresh attempt: org.springframework.beans.factory.BeanCreationException: Error creating bean with name 'entityManagerFactory' defined in class path resource [org/springframework/boot/autoconfigure/orm/jpa/HibernateJpaConfiguration.class]: Could not determine recommended JdbcType for Java type 'com.rookies4.myspringboot.entity.StudentDetail'
2025-08-20T16:24:42.788+09:00  INFO 17960 --- [MySpringBoot3Project] [restartedMain] c.z.h.HikariDataSource                   : HikariPool-1 - Shutdown initiated...
2025-08-20T16:24:42.818+09:00  INFO 17960 --- [MySpringBoot3Project] [restartedMain] c.z.h.HikariDataSource                   : HikariPool-1 - Shutdown completed.
2025-08-20T16:24:42.822+09:00  INFO 17960 --- [MySpringBoot3Project] [restartedMain] o.a.c.c.StandardService                  : Stopping service [Tomcat]
2025-08-20T16:24:42.842+09:00  INFO 17960 --- [MySpringBoot3Project] [restartedMain] .s.b.a.l.ConditionEvaluationReportLogger : 

Error starting ApplicationContext. To display the condition evaluation report re-run your application with 'debug' enabled.
2025-08-20T16:24:42.865+09:00 ERROR 17960 --- [MySpringBoot3Project] [restartedMain] o.s.b.SpringApplication                  : Application run failed

org.springframework.beans.factory.BeanCreationException: Error creating bean with name 'entityManagerFactory' defined in class path resource [org/springframework/boot/autoconfigure/orm/jpa/HibernateJpaConfiguration.class]: Could not determine recommended JdbcType for Java type 'com.rookies4.myspringboot.entity.StudentDetail'
	at org.springframework.beans.factory.support.AbstractAutowireCapableBeanFactory.initializeBean(AbstractAutowireCapableBeanFactory.java:1826) ~[spring-beans-6.2.8.jar:6.2.8]
	at org.springframework.beans.factory.support.AbstractAutowireCapableBeanFactory.doCreateBean(AbstractAutowireCapableBeanFactory.java:607) ~[spring-beans-6.2.8.jar:6.2.8]
	at org.springframework.beans.factory.support.AbstractAutowireCapableBeanFactory.createBean(AbstractAutowireCapableBeanFactory.java:529) ~[spring-beans-6.2.8.jar:6.2.8]
	at org.springframework.beans.factory.support.AbstractBeanFactory.lambda$doGetBean$0(AbstractBeanFactory.java:339) ~[spring-beans-6.2.8.jar:6.2.8]
	at org.springframework.beans.factory.support.DefaultSingletonBeanRegistry.getSingleton(DefaultSingletonBeanRegistry.java:373) ~[spring-beans-6.2.8.jar:6.2.8]
	at org.springframework.beans.factory.support.AbstractBeanFactory.doGetBean(AbstractBeanFactory.java:337) ~[spring-beans-6.2.8.jar:6.2.8]
	at org.springframework.beans.factory.support.AbstractBeanFactory.getBean(AbstractBeanFactory.java:207) ~[spring-beans-6.2.8.jar:6.2.8]
	at org.springframework.context.support.AbstractApplicationContext.finishBeanFactoryInitialization(AbstractApplicationContext.java:970) ~[spring-context-6.2.8.jar:6.2.8]
	at org.springframework.context.support.AbstractApplicationContext.refresh(AbstractApplicationContext.java:627) ~[spring-context-6.2.8.jar:6.2.8]
	at org.springframework.boot.web.servlet.context.ServletWebServerApplicationContext.refresh(ServletWebServerApplicationContext.java:146) ~[spring-boot-3.4.8.jar:3.4.8]
	at org.springframework.boot.SpringApplication.refresh(SpringApplication.java:752) [spring-boot-3.4.8.jar:3.4.8]
	at org.springframework.boot.SpringApplication.refreshContext(SpringApplication.java:439) [spring-boot-3.4.8.jar:3.4.8]
	at org.springframework.boot.SpringApplication.run(SpringApplication.java:318) [spring-boot-3.4.8.jar:3.4.8]
	at com.rookies4.myspringboot.MySpringBoot3ProjectApplication.main(MySpringBoot3ProjectApplication.java:20) [classes/:?]
	at java.base/jdk.internal.reflect.DirectMethodHandleAccessor.invoke(DirectMethodHandleAccessor.java:103) ~[?:?]
	at java.base/java.lang.reflect.Method.invoke(Method.java:580) ~[?:?]
	at org.springframework.boot.devtools.restart.RestartLauncher.run(RestartLauncher.java:50) [spring-boot-devtools-3.4.8.jar:3.4.8]
Caused by: org.hibernate.type.descriptor.java.spi.JdbcTypeRecommendationException: Could not determine recommended JdbcType for Java type 'com.rookies4.myspringboot.entity.StudentDetail'
	at org.hibernate.type.descriptor.java.spi.UnknownBasicJavaType.getRecommendedJdbcType(UnknownBasicJavaType.java:50) ~[hibernate-core-6.6.22.Final.jar:6.6.22.Final]
	at org.hibernate.boot.model.process.internal.InferredBasicValueResolver.from(InferredBasicValueResolver.java:195) ~[hibernate-core-6.6.22.Final.jar:6.6.22.Final]
	at org.hibernate.mapping.BasicValue.resolution(BasicValue.java:664) ~[hibernate-core-6.6.22.Final.jar:6.6.22.Final]
	at org.hibernate.mapping.BasicValue.buildResolution(BasicValue.java:461) ~[hibernate-core-6.6.22.Final.jar:6.6.22.Final]
	at org.hibernate.mapping.BasicValue.resolve(BasicValue.java:351) ~[hibernate-core-6.6.22.Final.jar:6.6.22.Final]
	at org.hibernate.mapping.BasicValue.resolve(BasicValue.java:341) ~[hibernate-core-6.6.22.Final.jar:6.6.22.Final]
	at org.hibernate.boot.internal.InFlightMetadataCollectorImpl.lambda$processValueResolvers$6(InFlightMetadataCollectorImpl.java:1827) ~[hibernate-core-6.6.22.Final.jar:6.6.22.Final]
	at java.base/java.util.ArrayList.removeIf(ArrayList.java:1766) ~[?:?]
	at java.base/java.util.ArrayList.removeIf(ArrayList.java:1744) ~[?:?]
	at org.hibernate.boot.internal.InFlightMetadataCollectorImpl.processValueResolvers(InFlightMetadataCollectorImpl.java:1826) ~[hibernate-core-6.6.22.Final.jar:6.6.22.Final]
	at org.hibernate.boot.internal.InFlightMetadataCollectorImpl.processSecondPasses(InFlightMetadataCollectorImpl.java:1812) ~[hibernate-core-6.6.22.Final.jar:6.6.22.Final]
	at org.hibernate.boot.model.process.spi.MetadataBuildingProcess.complete(MetadataBuildingProcess.java:334) ~[hibernate-core-6.6.22.Final.jar:6.6.22.Final]
	at org.hibernate.jpa.boot.internal.EntityManagerFactoryBuilderImpl.metadata(EntityManagerFactoryBuilderImpl.java:1442) ~[hibernate-core-6.6.22.Final.jar:6.6.22.Final]
	at org.hibernate.jpa.boot.internal.EntityManagerFactoryBuilderImpl.build(EntityManagerFactoryBuilderImpl.java:1513) ~[hibernate-core-6.6.22.Final.jar:6.6.22.Final]
	at org.springframework.orm.jpa.vendor.SpringHibernateJpaPersistenceProvider.createContainerEntityManagerFactory(SpringHibernateJpaPersistenceProvider.java:66) ~[spring-orm-6.2.8.jar:6.2.8]
	at org.springframework.orm.jpa.LocalContainerEntityManagerFactoryBean.createNativeEntityManagerFactory(LocalContainerEntityManagerFactoryBean.java:390) ~[spring-orm-6.2.8.jar:6.2.8]
	at org.springframework.orm.jpa.AbstractEntityManagerFactoryBean.buildNativeEntityManagerFactory(AbstractEntityManagerFactoryBean.java:419) ~[spring-orm-6.2.8.jar:6.2.8]
	at org.springframework.orm.jpa.AbstractEntityManagerFactoryBean.afterPropertiesSet(AbstractEntityManagerFactoryBean.java:400) ~[spring-orm-6.2.8.jar:6.2.8]
	at org.springframework.orm.jpa.LocalContainerEntityManagerFactoryBean.afterPropertiesSet(LocalContainerEntityManagerFactoryBean.java:366) ~[spring-orm-6.2.8.jar:6.2.8]
	at org.springframework.beans.factory.support.AbstractAutowireCapableBeanFactory.invokeInitMethods(AbstractAutowireCapableBeanFactory.java:1873) ~[spring-beans-6.2.8.jar:6.2.8]
	at org.springframework.beans.factory.support.AbstractAutowireCapableBeanFactory.initializeBean(AbstractAutowireCapableBeanFactory.java:1822) ~[spring-beans-6.2.8.jar:6.2.8]
	... 16 more

2025-08-20T16:27:02.316+09:00  INFO 24444 --- [MySpringBoot3Project] [restartedMain] c.r.m.MySpringBoot3ProjectApplication    : Starting MySpringBoot3ProjectApplication using Java 22.0.1 with PID 24444 (C:\shieldus\back_java\SpringBoot\MyspringBoot3Project\target\classes started by hia in C:\shieldus\back_java\SpringBoot\MyspringBoot3Project)
2025-08-20T16:27:02.398+09:00  INFO 24444 --- [MySpringBoot3Project] [restartedMain] c.r.m.MySpringBoot3ProjectApplication    : The following 1 profile is active: "prod"
2025-08-20T16:27:02.477+09:00  INFO 24444 --- [MySpringBoot3Project] [restartedMain] .e.DevToolsPropertyDefaultsPostProcessor : Devtools property defaults active! Set 'spring.devtools.add-properties' to 'false' to disable
2025-08-20T16:27:02.477+09:00  INFO 24444 --- [MySpringBoot3Project] [restartedMain] .e.DevToolsPropertyDefaultsPostProcessor : For additional web related logging consider setting the 'logging.level.web' property to 'DEBUG'
2025-08-20T16:27:02.719+09:00  WARN 24444 --- [MySpringBoot3Project] [restartedMain] ConfigServletWebServerApplicationContext : Exception encountered during context initialization - cancelling refresh attempt: org.springframework.beans.factory.BeanDefinitionStoreException: I/O failure while processing configuration class [com.rookies4.myspringboot.security.service.UserInfoUserDetailsService]
2025-08-20T16:27:02.886+09:00 ERROR 24444 --- [MySpringBoot3Project] [restartedMain] o.s.b.SpringApplication                  : Application run failed

org.springframework.beans.factory.BeanDefinitionStoreException: I/O failure while processing configuration class [com.rookies4.myspringboot.security.service.UserInfoUserDetailsService]
	at org.springframework.context.annotation.ConfigurationClassParser.processConfigurationClass(ConfigurationClassParser.java:286) ~[spring-context-6.2.8.jar:6.2.8]
	at org.springframework.context.annotation.ConfigurationClassParser.parse(ConfigurationClassParser.java:218) ~[spring-context-6.2.8.jar:6.2.8]
	at org.springframework.context.annotation.ConfigurationClassParser.doProcessConfigurationClass(ConfigurationClassParser.java:354) ~[spring-context-6.2.8.jar:6.2.8]
	at org.springframework.context.annotation.ConfigurationClassParser.processConfigurationClass(ConfigurationClassParser.java:281) ~[spring-context-6.2.8.jar:6.2.8]
	at org.springframework.context.annotation.ConfigurationClassParser.parse(ConfigurationClassParser.java:204) ~[spring-context-6.2.8.jar:6.2.8]
	at org.springframework.context.annotation.ConfigurationClassParser.parse(ConfigurationClassParser.java:172) ~[spring-context-6.2.8.jar:6.2.8]
	at org.springframework.context.annotation.ConfigurationClassPostProcessor.processConfigBeanDefinitions(ConfigurationClassPostProcessor.java:418) ~[spring-context-6.2.8.jar:6.2.8]
	at org.springframework.context.annotation.ConfigurationClassPostProcessor.postProcessBeanDefinitionRegistry(ConfigurationClassPostProcessor.java:290) ~[spring-context-6.2.8.jar:6.2.8]
	at org.springframework.context.support.PostProcessorRegistrationDelegate.invokeBeanDefinitionRegistryPostProcessors(PostProcessorRegistrationDelegate.java:349) ~[spring-context-6.2.8.jar:6.2.8]
	at org.springframework.context.support.PostProcessorRegistrationDelegate.invokeBeanFactoryPostProcessors(PostProcessorRegistrationDelegate.java:118) ~[spring-context-6.2.8.jar:6.2.8]
	at org.springframework.context.support.AbstractApplicationContext.invokeBeanFactoryPostProcessors(AbstractApplicationContext.java:791) ~[spring-context-6.2.8.jar:6.2.8]
	at org.springframework.context.support.AbstractApplicationContext.refresh(AbstractApplicationContext.java:609) ~[spring-context-6.2.8.jar:6.2.8]
	at org.springframework.boot.web.servlet.context.ServletWebServerApplicationContext.refresh(ServletWebServerApplicationContext.java:146) ~[spring-boot-3.4.8.jar:3.4.8]
	at org.springframework.boot.SpringApplication.refresh(SpringApplication.java:752) [spring-boot-3.4.8.jar:3.4.8]
	at org.springframework.boot.SpringApplication.refreshContext(SpringApplication.java:439) [spring-boot-3.4.8.jar:3.4.8]
	at org.springframework.boot.SpringApplication.run(SpringApplication.java:318) [spring-boot-3.4.8.jar:3.4.8]
	at com.rookies4.myspringboot.MySpringBoot3ProjectApplication.main(MySpringBoot3ProjectApplication.java:20) [classes/:?]
	at java.base/jdk.internal.reflect.DirectMethodHandleAccessor.invoke(DirectMethodHandleAccessor.java:103) ~[?:?]
	at java.base/java.lang.reflect.Method.invoke(Method.java:580) ~[?:?]
	at org.springframework.boot.devtools.restart.RestartLauncher.run(RestartLauncher.java:50) [spring-boot-devtools-3.4.8.jar:3.4.8]
Caused by: java.io.FileNotFoundException: class path resource [org/springframework/security/core/userdetails/UserDetailsService.class] cannot be opened because it does not exist
	at org.springframework.core.io.ClassPathResource.getInputStream(ClassPathResource.java:215) ~[spring-core-6.2.8.jar:6.2.8]
	at org.springframework.core.type.classreading.SimpleMetadataReader.getClassReader(SimpleMetadataReader.java:54) ~[spring-core-6.2.8.jar:6.2.8]
	at org.springframework.core.type.classreading.SimpleMetadataReader.<init>(SimpleMetadataReader.java:48) ~[spring-core-6.2.8.jar:6.2.8]
	at org.springframework.core.type.classreading.SimpleMetadataReaderFactory.getMetadataReader(SimpleMetadataReaderFactory.java:103) ~[spring-core-6.2.8.jar:6.2.8]
	at org.springframework.boot.type.classreading.ConcurrentReferenceCachingMetadataReaderFactory.createMetadataReader(ConcurrentReferenceCachingMetadataReaderFactory.java:98) ~[spring-boot-3.4.8.jar:3.4.8]
	at org.springframework.boot.type.classreading.ConcurrentReferenceCachingMetadataReaderFactory.getMetadataReader(ConcurrentReferenceCachingMetadataReaderFactory.java:85) ~[spring-boot-3.4.8.jar:3.4.8]
	at org.springframework.core.type.classreading.SimpleMetadataReaderFactory.getMetadataReader(SimpleMetadataReaderFactory.java:81) ~[spring-core-6.2.8.jar:6.2.8]
	at org.springframework.boot.type.classreading.ConcurrentReferenceCachingMetadataReaderFactory.getMetadataReader(ConcurrentReferenceCachingMetadataReaderFactory.java:75) ~[spring-boot-3.4.8.jar:3.4.8]
	at org.springframework.context.annotation.ConfigurationClassParser.asSourceClass(ConfigurationClassParser.java:711) ~[spring-context-6.2.8.jar:6.2.8]
	at org.springframework.context.annotation.ConfigurationClassParser$SourceClass.getInterfaces(ConfigurationClassParser.java:1060) ~[spring-context-6.2.8.jar:6.2.8]
	at org.springframework.context.annotation.ConfigurationClassParser.processInterfaces(ConfigurationClassParser.java:441) ~[spring-context-6.2.8.jar:6.2.8]
	at org.springframework.context.annotation.ConfigurationClassParser.doProcessConfigurationClass(ConfigurationClassParser.java:385) ~[spring-context-6.2.8.jar:6.2.8]
	at org.springframework.context.annotation.ConfigurationClassParser.processConfigurationClass(ConfigurationClassParser.java:281) ~[spring-context-6.2.8.jar:6.2.8]
	... 19 more

2025-08-20T16:29:38.178+09:00  INFO 4500 --- [MySpringBoot3Project] [restartedMain] c.r.m.MySpringBoot3ProjectApplication    : Starting MySpringBoot3ProjectApplication using Java 22.0.1 with PID 4500 (C:\shieldus\back_java\SpringBoot\MyspringBoot3Project\target\classes started by hia in C:\shieldus\back_java\SpringBoot\MyspringBoot3Project)
2025-08-20T16:29:38.268+09:00  INFO 4500 --- [MySpringBoot3Project] [restartedMain] c.r.m.MySpringBoot3ProjectApplication    : The following 1 profile is active: "prod"
2025-08-20T16:29:38.353+09:00  INFO 4500 --- [MySpringBoot3Project] [restartedMain] .e.DevToolsPropertyDefaultsPostProcessor : Devtools property defaults active! Set 'spring.devtools.add-properties' to 'false' to disable
2025-08-20T16:29:38.353+09:00  INFO 4500 --- [MySpringBoot3Project] [restartedMain] .e.DevToolsPropertyDefaultsPostProcessor : For additional web related logging consider setting the 'logging.level.web' property to 'DEBUG'
2025-08-20T16:29:39.664+09:00  INFO 4500 --- [MySpringBoot3Project] [restartedMain] .s.d.r.c.RepositoryConfigurationDelegate : Bootstrapping Spring Data JPA repositories in DEFAULT mode.
2025-08-20T16:29:39.731+09:00  INFO 4500 --- [MySpringBoot3Project] [restartedMain] .s.d.r.c.RepositoryConfigurationDelegate : Finished Spring Data repository scanning in 57 ms. Found 2 JPA repository interfaces.
2025-08-20T16:29:40.858+09:00  INFO 4500 --- [MySpringBoot3Project] [restartedMain] o.s.b.w.e.t.TomcatWebServer              : Tomcat initialized with port 8080 (http)
2025-08-20T16:29:40.895+09:00  INFO 4500 --- [MySpringBoot3Project] [restartedMain] o.a.c.c.StandardService                  : Starting service [Tomcat]
2025-08-20T16:29:40.896+09:00  INFO 4500 --- [MySpringBoot3Project] [restartedMain] o.a.c.c.StandardEngine                   : Starting Servlet engine: [Apache Tomcat/10.1.43]
2025-08-20T16:29:40.952+09:00  INFO 4500 --- [MySpringBoot3Project] [restartedMain] o.a.c.c.C.[.[.[/]                        : Initializing Spring embedded WebApplicationContext
2025-08-20T16:29:40.956+09:00  INFO 4500 --- [MySpringBoot3Project] [restartedMain] w.s.c.ServletWebServerApplicationContext : Root WebApplicationContext: initialization completed in 2600 ms
2025-08-20T16:29:41.393+09:00  INFO 4500 --- [MySpringBoot3Project] [restartedMain] o.h.j.i.u.LogHelper                      : HHH000204: Processing PersistenceUnitInfo [name: default]
2025-08-20T16:29:41.488+09:00  INFO 4500 --- [MySpringBoot3Project] [restartedMain] o.h.Version                              : HHH000412: Hibernate ORM core version 6.6.22.Final
2025-08-20T16:29:41.554+09:00  INFO 4500 --- [MySpringBoot3Project] [restartedMain] o.h.c.i.RegionFactoryInitiator           : HHH000026: Second-level cache disabled
2025-08-20T16:29:41.827+09:00  INFO 4500 --- [MySpringBoot3Project] [restartedMain] o.s.o.j.p.SpringPersistenceUnitInfo      : No LoadTimeWeaver setup: ignoring JPA class transformer
2025-08-20T16:29:41.850+09:00  INFO 4500 --- [MySpringBoot3Project] [restartedMain] c.z.h.HikariDataSource                   : HikariPool-1 - Starting...
2025-08-20T16:29:41.924+09:00  INFO 4500 --- [MySpringBoot3Project] [restartedMain] c.z.h.p.HikariPool                       : HikariPool-1 - Added connection org.mariadb.jdbc.Connection@5cc2f7cc
2025-08-20T16:29:41.925+09:00  INFO 4500 --- [MySpringBoot3Project] [restartedMain] c.z.h.HikariDataSource                   : HikariPool-1 - Start completed.
2025-08-20T16:29:41.950+09:00  WARN 4500 --- [MySpringBoot3Project] [restartedMain] o.h.o.deprecation                        : HHH90000025: MariaDBDialect does not need to be specified explicitly using 'hibernate.dialect' (remove the property setting and it will be selected by default)
2025-08-20T16:29:41.972+09:00  INFO 4500 --- [MySpringBoot3Project] [restartedMain] o.h.o.c.pooling                          : HHH10001005: Database info:
	Database JDBC URL [Connecting through datasource 'HikariDataSource (HikariPool-1)']
	Database driver: undefined/unknown
	Database version: 10.11.5
	Autocommit mode: undefined/unknown
	Isolation level: undefined/unknown
	Minimum pool size: undefined/unknown
	Maximum pool size: undefined/unknown
2025-08-20T16:29:42.188+09:00 ERROR 4500 --- [MySpringBoot3Project] [restartedMain] j.LocalContainerEntityManagerFactoryBean : Failed to initialize JPA EntityManagerFactory: Could not determine recommended JdbcType for Java type 'com.rookies4.myspringboot.entity.StudentDetail'
2025-08-20T16:29:42.190+09:00  WARN 4500 --- [MySpringBoot3Project] [restartedMain] ConfigServletWebServerApplicationContext : Exception encountered during context initialization - cancelling refresh attempt: org.springframework.beans.factory.BeanCreationException: Error creating bean with name 'entityManagerFactory' defined in class path resource [org/springframework/boot/autoconfigure/orm/jpa/HibernateJpaConfiguration.class]: Could not determine recommended JdbcType for Java type 'com.rookies4.myspringboot.entity.StudentDetail'
2025-08-20T16:29:42.192+09:00  INFO 4500 --- [MySpringBoot3Project] [restartedMain] c.z.h.HikariDataSource                   : HikariPool-1 - Shutdown initiated...
2025-08-20T16:29:42.230+09:00  INFO 4500 --- [MySpringBoot3Project] [restartedMain] c.z.h.HikariDataSource                   : HikariPool-1 - Shutdown completed.
2025-08-20T16:29:42.235+09:00  INFO 4500 --- [MySpringBoot3Project] [restartedMain] o.a.c.c.StandardService                  : Stopping service [Tomcat]
2025-08-20T16:29:42.254+09:00  INFO 4500 --- [MySpringBoot3Project] [restartedMain] .s.b.a.l.ConditionEvaluationReportLogger : 

Error starting ApplicationContext. To display the condition evaluation report re-run your application with 'debug' enabled.
2025-08-20T16:29:42.273+09:00 ERROR 4500 --- [MySpringBoot3Project] [restartedMain] o.s.b.SpringApplication                  : Application run failed

org.springframework.beans.factory.BeanCreationException: Error creating bean with name 'entityManagerFactory' defined in class path resource [org/springframework/boot/autoconfigure/orm/jpa/HibernateJpaConfiguration.class]: Could not determine recommended JdbcType for Java type 'com.rookies4.myspringboot.entity.StudentDetail'
	at org.springframework.beans.factory.support.AbstractAutowireCapableBeanFactory.initializeBean(AbstractAutowireCapableBeanFactory.java:1826) ~[spring-beans-6.2.8.jar:6.2.8]
	at org.springframework.beans.factory.support.AbstractAutowireCapableBeanFactory.doCreateBean(AbstractAutowireCapableBeanFactory.java:607) ~[spring-beans-6.2.8.jar:6.2.8]
	at org.springframework.beans.factory.support.AbstractAutowireCapableBeanFactory.createBean(AbstractAutowireCapableBeanFactory.java:529) ~[spring-beans-6.2.8.jar:6.2.8]
	at org.springframework.beans.factory.support.AbstractBeanFactory.lambda$doGetBean$0(AbstractBeanFactory.java:339) ~[spring-beans-6.2.8.jar:6.2.8]
	at org.springframework.beans.factory.support.DefaultSingletonBeanRegistry.getSingleton(DefaultSingletonBeanRegistry.java:373) ~[spring-beans-6.2.8.jar:6.2.8]
	at org.springframework.beans.factory.support.AbstractBeanFactory.doGetBean(AbstractBeanFactory.java:337) ~[spring-beans-6.2.8.jar:6.2.8]
	at org.springframework.beans.factory.support.AbstractBeanFactory.getBean(AbstractBeanFactory.java:207) ~[spring-beans-6.2.8.jar:6.2.8]
	at org.springframework.context.support.AbstractApplicationContext.finishBeanFactoryInitialization(AbstractApplicationContext.java:970) ~[spring-context-6.2.8.jar:6.2.8]
	at org.springframework.context.support.AbstractApplicationContext.refresh(AbstractApplicationContext.java:627) ~[spring-context-6.2.8.jar:6.2.8]
	at org.springframework.boot.web.servlet.context.ServletWebServerApplicationContext.refresh(ServletWebServerApplicationContext.java:146) ~[spring-boot-3.4.8.jar:3.4.8]
	at org.springframework.boot.SpringApplication.refresh(SpringApplication.java:752) [spring-boot-3.4.8.jar:3.4.8]
	at org.springframework.boot.SpringApplication.refreshContext(SpringApplication.java:439) [spring-boot-3.4.8.jar:3.4.8]
	at org.springframework.boot.SpringApplication.run(SpringApplication.java:318) [spring-boot-3.4.8.jar:3.4.8]
	at com.rookies4.myspringboot.MySpringBoot3ProjectApplication.main(MySpringBoot3ProjectApplication.java:20) [classes/:?]
	at java.base/jdk.internal.reflect.DirectMethodHandleAccessor.invoke(DirectMethodHandleAccessor.java:103) ~[?:?]
	at java.base/java.lang.reflect.Method.invoke(Method.java:580) ~[?:?]
	at org.springframework.boot.devtools.restart.RestartLauncher.run(RestartLauncher.java:50) [spring-boot-devtools-3.4.8.jar:3.4.8]
Caused by: org.hibernate.type.descriptor.java.spi.JdbcTypeRecommendationException: Could not determine recommended JdbcType for Java type 'com.rookies4.myspringboot.entity.StudentDetail'
	at org.hibernate.type.descriptor.java.spi.UnknownBasicJavaType.getRecommendedJdbcType(UnknownBasicJavaType.java:50) ~[hibernate-core-6.6.22.Final.jar:6.6.22.Final]
	at org.hibernate.boot.model.process.internal.InferredBasicValueResolver.from(InferredBasicValueResolver.java:195) ~[hibernate-core-6.6.22.Final.jar:6.6.22.Final]
	at org.hibernate.mapping.BasicValue.resolution(BasicValue.java:664) ~[hibernate-core-6.6.22.Final.jar:6.6.22.Final]
	at org.hibernate.mapping.BasicValue.buildResolution(BasicValue.java:461) ~[hibernate-core-6.6.22.Final.jar:6.6.22.Final]
	at org.hibernate.mapping.BasicValue.resolve(BasicValue.java:351) ~[hibernate-core-6.6.22.Final.jar:6.6.22.Final]
	at org.hibernate.mapping.BasicValue.resolve(BasicValue.java:341) ~[hibernate-core-6.6.22.Final.jar:6.6.22.Final]
	at org.hibernate.boot.internal.InFlightMetadataCollectorImpl.lambda$processValueResolvers$6(InFlightMetadataCollectorImpl.java:1827) ~[hibernate-core-6.6.22.Final.jar:6.6.22.Final]
	at java.base/java.util.ArrayList.removeIf(ArrayList.java:1766) ~[?:?]
	at java.base/java.util.ArrayList.removeIf(ArrayList.java:1744) ~[?:?]
	at org.hibernate.boot.internal.InFlightMetadataCollectorImpl.processValueResolvers(InFlightMetadataCollectorImpl.java:1826) ~[hibernate-core-6.6.22.Final.jar:6.6.22.Final]
	at org.hibernate.boot.internal.InFlightMetadataCollectorImpl.processSecondPasses(InFlightMetadataCollectorImpl.java:1812) ~[hibernate-core-6.6.22.Final.jar:6.6.22.Final]
	at org.hibernate.boot.model.process.spi.MetadataBuildingProcess.complete(MetadataBuildingProcess.java:334) ~[hibernate-core-6.6.22.Final.jar:6.6.22.Final]
	at org.hibernate.jpa.boot.internal.EntityManagerFactoryBuilderImpl.metadata(EntityManagerFactoryBuilderImpl.java:1442) ~[hibernate-core-6.6.22.Final.jar:6.6.22.Final]
	at org.hibernate.jpa.boot.internal.EntityManagerFactoryBuilderImpl.build(EntityManagerFactoryBuilderImpl.java:1513) ~[hibernate-core-6.6.22.Final.jar:6.6.22.Final]
	at org.springframework.orm.jpa.vendor.SpringHibernateJpaPersistenceProvider.createContainerEntityManagerFactory(SpringHibernateJpaPersistenceProvider.java:66) ~[spring-orm-6.2.8.jar:6.2.8]
	at org.springframework.orm.jpa.LocalContainerEntityManagerFactoryBean.createNativeEntityManagerFactory(LocalContainerEntityManagerFactoryBean.java:390) ~[spring-orm-6.2.8.jar:6.2.8]
	at org.springframework.orm.jpa.AbstractEntityManagerFactoryBean.buildNativeEntityManagerFactory(AbstractEntityManagerFactoryBean.java:419) ~[spring-orm-6.2.8.jar:6.2.8]
	at org.springframework.orm.jpa.AbstractEntityManagerFactoryBean.afterPropertiesSet(AbstractEntityManagerFactoryBean.java:400) ~[spring-orm-6.2.8.jar:6.2.8]
	at org.springframework.orm.jpa.LocalContainerEntityManagerFactoryBean.afterPropertiesSet(LocalContainerEntityManagerFactoryBean.java:366) ~[spring-orm-6.2.8.jar:6.2.8]
	at org.springframework.beans.factory.support.AbstractAutowireCapableBeanFactory.invokeInitMethods(AbstractAutowireCapableBeanFactory.java:1873) ~[spring-beans-6.2.8.jar:6.2.8]
	at org.springframework.beans.factory.support.AbstractAutowireCapableBeanFactory.initializeBean(AbstractAutowireCapableBeanFactory.java:1822) ~[spring-beans-6.2.8.jar:6.2.8]
	... 16 more

